2,1666434230,166,154990,163,3225,2
6,1666434230,0,0,186000,2,-186000
8,1666434230,0,0,185008,1,-185008
10,1666434230,0,0,185008,1,-185008
12,1666434230,0,0,185008,1,-185008
30,1666434230,904,1,0,0,895
36,1666434230,411,41,0,0,407
40,1666434230,6,1000,0,0,6
41,1666434230,31,5,0,0,31
43,1666434230,0,0,81,67,-81
44,1666434230,0,0,255,22,-255
53,1666434230,6,11000,6,1260,0
54,1666434230,0,0,100,1,-100
62,1666434230,74,12000,0,0,74
66,1666434230,0,0,330,1,-330
70,1666434230,1077,6310,0,0,1067
91,1666434230,107,602,0,0,106
93,1666434230,66,1,0,0,66
95,1666434230,200,100,186,100,12
97,1666434230,1011,802,0,0,1001
99,1666434230,7134,596,7105,1206,-42
101,1666434230,0,0,816,2,-816
103,1666434230,0,0,1754,2,-1754
109,1666434230,0,0,755,1,-755
113,1666434230,325,20,0,0,322
133,1666434230,292,1,0,0,290
139,1666434230,6932,50,0,0,6863
141,1666434230,4801,30,4355,2,398
143,1666434230,0,0,2204,1,-2204
163,1666434230,0,0,1770,1,-1770
199,1666434230,0,0,100,281,-100
201,1666434230,27,1,27,143,0
203,1666434230,0,0,131,401,-131
205,1666434230,0,0,882,646,-882
207,1666434230,6802,18,6786,484,-52
209,1666434230,725,20,725,635,-7
211,1666434230,0,0,1689,592,-1689
213,1666434230,0,0,1574,244,-1574
215,1666434230,0,0,2042,284,-2042
217,1666434230,0,0,675,177,-675
219,1666434230,0,0,5584,452,-5584
221,1666434230,3,603,3,928,0
223,1666434230,720,2,653,7626,60
225,1666434230,580,1,562,1892,13
227,1666434230,4,2,0,0,4
229,1666434230,3,13141,2,1,1
231,1666434230,282,1729,280,2,0
233,1666434230,599,3,0,0,594
235,1666434230,190,2,0,0,189
237,1666434230,0,0,182,1,-182
239,1666434230,0,0,291,1136,-291
243,1666434230,0,0,876,2,-876
245,1666434230,1127,1,1118,470,-2
249,1666434230,80,24,80,237,0
251,1666434230,46,1,45,46,1
253,1666434230,131,6,131,1279,-1
255,1666434230,997,4,907,101,81
257,1666434230,6800,449,6793,574,-61
259,1666434230,746,3699,720,29,19
261,1666434230,0,0,1633,36,-1633
263,1666434230,1503,2,1400,9,88
265,1666434230,0,0,2121,2834,-2121
267,1666434230,646,30,663,179,-23
269,1666434230,0,0,5700,90,-5700
273,1666434230,519,1,0,0,514
288,1666434230,829,1,0,0,821
299,1666434230,0,0,505,40,-505
301,1666434230,184,1,0,0,183
303,1666434230,59,1,0,0,59
307,1666434230,63,2,0,0,63
309,1666434230,63,2,0,0,63
313,1666434230,4,34658,0,0,4
314,1666434230,3,30731,2,15627,1
315,1666434230,32,1,0,0,32
317,1666434230,94,1,0,0,94
327,1666434230,48,77,0,0,48
329,1666434230,59,1,0,0,59
331,1666434230,0,0,50,8,-50
333,1666434230,38,1943,38,86,0
339,1666434230,0,0,12,108,-12
359,1666434230,0,0,44,1122,-44
361,1666434230,96,10,89,1,7
365,1666434230,133,1,0,0,132
371,1666434230,254,1728,254,1,-2
373,1666434230,279,135,273,20,4
377,1666434230,165,641,165,641,-1
379,1666434230,233,657,225,2309,6
383,1666434230,0,0,588,800,-588
385,1666434230,784,2,777,1345,0
389,1666434230,0,0,781,204,-781
391,1666434230,987,3999,960,1037,18
395,1666434230,670,1483,0,0,664
401,1666434230,0,0,32,4,-32
407,1666434230,0,0,60,1,-60
411,1666434230,0,0,120,8,-120
434,1666434230,135,22,0,0,134
436,1666434230,56,14,54,1,2
438,1666434230,61,10,0,0,61
440,1666434230,114,226,112,657,1
442,1666434230,0,0,55,7645,-55
444,1666434230,221,41,220,17531,-1
447,1666434230,130,159,128,5557,1
449,1666434230,1106,1795,1075,1109,20
451,1666434230,0,0,11247,584,-11247
453,1666434230,152,9817,153,18327,-2
464,1666434230,862,2,0,0,854
526,1666434230,74,62,72,2,2
530,1666434230,593,1,0,0,588
532,1666434230,205,79,0,0,203
536,1666434230,2325,5475,2249,3937,53
544,1666434230,0,0,1002,11,-1002
554,1666434230,5,127000,4,24275,1
555,1666434230,4,26690,5,66616,-1
556,1666434230,5,108300,5,500,0
557,1666434230,4,55278,4,8,0
558,1666434230,4,37324,3,27,1
559,1666434230,5,109,0,0,5
560,1666434230,152,3674,156,63821,-5
561,1666434230,135,6978,133,20838,1
562,1666434230,79,231,80,38713,-1
563,1666434230,123,6330,122,24888,0
564,1666434230,119,26183,116,14614,2
565,1666434230,237,33625,232,125669,3
566,1666434230,175,4966,175,6410,-1
567,1666434230,0,0,92,525,-92
569,1666434230,0,0,1277,204,-1277
571,1666434230,0,0,1402,34,-1402
573,1666434230,0,0,1366,24,-1366
575,1666434230,1330,405,1020,58,297
577,1666434230,926,5,0,0,917
579,1666434230,400,30,376,1,20
592,1666434230,57,6,55,96,2
596,1666434230,1,1,1,1,0
638,1666434230,2999,1,0,0,2970
640,1666434230,0,0,200,1,-200
648,1666434230,1399,1,0,0,1386
753,1666434230,111,1,0,0,110
805,1666434230,159,125,0,0,158
806,1666434230,16,2000,0,0,16
808,1666434230,0,0,2,9848,-2
809,1666434230,5,10000,0,0,5
810,1666434230,28,4841,31,3000,-3
811,1666434230,288,6700,283,938,3
820,1666434230,0,0,40,500,-40
821,1666434230,0,0,61,1000,-61
823,1666434230,0,0,196,10,-196
824,1666434230,616,2,606,3494,4
829,1666434230,0,0,55,210,-55
830,1666434230,0,0,135,633,-135
841,1666434230,44,1,0,0,44
845,1666434230,0,0,42,1,-42
847,1666434230,0,0,160,1,-160
849,1666434230,56,2,45,1,11
851,1666434230,0,0,241,224,-241
855,1666434230,560,5003,560,3,-5
859,1666434230,1375,1,1353,2341,9
861,1666434230,845,2,832,3,5
863,1666434230,0,0,44,1000,-44
867,1666434230,0,0,275,10,-275
868,1666434230,0,0,305,85,-305
869,1666434230,51,2,0,0,51
877,1666434230,1,21,0,0,1
882,1666434230,0,0,3,53,-3
884,1666434230,3,15054,0,0,3
886,1666434230,6,274,0,0,6
888,1666434230,4,300,3,1489,1
890,1666434230,21,3666,19,8513,2
892,1666434230,139,3770,137,1125,1
948,1666434230,123,40,0,0,122
950,1666434230,34,9,0,0,34
952,1666434230,115,2,0,0,114
954,1666434230,59,310,0,0,59
960,1666434230,243,369,0,0,241
970,1666434230,209,4,0,0,207
973,1666434230,435,6,388,15,43
983,1666434230,460,1,0,0,456
985,1666434230,0,0,10200,42,-10200
987,1666434230,0,0,10200,43,-10200
989,1666434230,0,0,20525,11,-20525
1005,1666434230,0,0,112,2,-112
1011,1666434230,45,1,0,0,45
1013,1666434230,35,2,0,0,35
1017,1666434230,179,2,0,0,178
1025,1666434230,0,0,60,1,-60
1033,1666434230,4371,1,3074,1,1254
1035,1666434230,1049,1,0,0,1039
1040,1666434230,0,0,6048,1,-6048
1046,1666434230,9500,5,0,0,9405
1048,1666434230,6237,5,0,0,6175
1053,1666434230,0,0,6900,1,-6900
1059,1666434230,14,7,0,0,14
1061,1666434230,84,10,78,1,6
1069,1666434230,650,1,0,0,644
1071,1666434230,1276,1,1264,1,0
1073,1666434230,3579,1,3480,6,64
1079,1666434230,38287,1,37910,77,-5
1093,1666434230,0,0,37915,13,-37915
1095,1666434230,4,1,2,1,2
1099,1666434230,2126,2,2124,7,-19
1101,1666434230,240,1,0,0,238
1113,1666434230,29562,22,29335,18,-68
1121,1666434230,2895,202,2816,2,51
1123,1666434230,9560,262,9557,13,-92
1125,1666434230,0,0,2720,1,-2720
1127,1666434230,39175,2,38529,59,255
1129,1666434230,16,2,15,1,1
1131,1666434230,0,0,8,2,-8
1135,1666434230,4268,126,4264,2,-38
1139,1666434230,192,2,150,1,41
1147,1666434230,0,0,11206,30,-11206
1149,1666434230,0,0,58649,52,-58649
1155,1666434230,111,1,110,2,0
1157,1666434230,0,0,170,1,-170
1159,1666434230,627,2,0,0,621
1161,1666434230,2600,1,1860,6,714
1163,1666434230,20642,61,20639,91,-203
1165,1666434230,0,0,478,1,-478
1167,1666434230,0,0,5,1,-5
1169,1666434230,0,0,44,1,-44
1171,1666434230,0,0,89,2,-89
1177,1666434230,0,0,180,1,-180
1183,1666434230,2240,1,2033,4,185
1185,1666434230,0,0,22655,14,-22655
1187,1666434230,0,0,298002,2,-298002
1193,1666434230,366,1,0,0,363
1197,1666434230,0,0,1033,4,-1033
1199,1666434230,2979,17,2900,1,50
1201,1666434230,32165,32,32166,125,-322
1203,1666434230,0,0,110,2,-110
1213,1666434230,0,0,4456,11,-4456
1215,1666434230,0,0,17449,19,-17449
1237,1666434230,451,2,0,0,447
1245,1666434230,891,8,0,0,883
1247,1666434230,12317,3,0,0,12194
1249,1666434230,0,0,36972,3,-36972
1265,1666434230,88,120,0,0,88
1271,1666434230,1998,1,1754,2,225
1273,1666434230,580,1,0,0,575
1275,1666434230,19398,4,18390,22,815
1283,1666434230,0,0,155,1,-155
1289,1666434230,14000,1,12337,16,1523
1297,1666434230,0,0,335,1,-335
1301,1666434230,0,0,1637,6,-1637
1303,1666434230,0,0,18757,46,-18757
1305,1666434230,0,0,59382,32,-59382
1315,1666434230,1320,1,0,0,1307
1317,1666434230,0,0,3523,240,-3523
1319,1666434230,37929,196,37900,64,-350
1321,1666434230,179,1,200,11,-22
1323,1666434230,139,12,0,0,138
1325,1666434230,139,3,0,0,138
1327,1666434230,1911,1,0,0,1892
1329,1666434230,345,4,0,0,342
1331,1666434230,1600,2,1475,2,109
1333,1666434230,15300,1,15000,21,147
1335,1666434230,64,1,0,0,64
1345,1666434230,6000,1,3301,1,2639
1347,1666434230,0,0,24790,31,-24790
1351,1666434230,110,2,102,1,7
1355,1666434230,57,1,0,0,57
1357,1666434230,1304,4,718,3,573
1359,1666434230,0,0,7229,19,-7229
1361,1666434230,797,1,695,6,95
1365,1666434230,0,0,188,2,-188
1371,1666434230,0,0,2675,22,-2675
1373,1666434230,0,0,24682,12,-24682
1377,1666434230,119319,1,119200,3,-1074
1381,1666434230,1695,1,1532,7,147
1391,1666434230,7828,1154,7828,3795,-78
1393,1666434230,0,0,8962,1,-8962
1395,1666434230,0,0,8951,313,-8951
1397,1666434230,8956,908,8960,7801,-93
1399,1666434230,8880,408,8880,699,-88
1401,1666434230,0,0,25690,1,-25690
1405,1666434230,25997,1,25261,3,477
1407,1666434230,0,0,25213,2,-25213
1430,1666434230,0,0,598,11,-598
1432,1666434230,0,0,8317,6,-8317
1436,1666434230,13,50,0,0,13
1438,1666434230,0,0,36,10,-36
1440,1666434230,176,1,164,3,11
1448,1666434230,0,0,751,2,-751
1452,1666434230,127,3,0,0,126
1456,1666434230,17285,2,0,0,17113
1476,1666434230,2635,1,0,0,2609
1478,1666434230,0,0,1824,4,-1824
1511,1666434230,84,8,74,314,10
1513,1666434230,1074,7378,1064,3155,0
1515,1666434230,220,604,218,4351,0
1517,1666434230,8,1,7,120285,1
1519,1666434230,28,998,29,582,-1
1521,1666434230,0,0,54,15,-54
1539,1666434230,13,90,13,1006,0
1540,1666434230,145,1,0,0,144
1550,1666434230,50,1,0,0,50
1592,1666434230,70,2,0,0,70
1595,1666434230,250,1,0,0,248
1597,1666434230,217,1,0,0,215
1601,1666434230,0,0,1780,518,-1780
1603,1666434230,888,251,887,374,-7
1605,1666434230,399,69,393,549,3
1607,1666434230,210,400,205,760,3
1609,1666434230,693,6,661,629,26
1611,1666434230,295,3,276,2,17
1613,1666434230,3241,4,0,0,3209
1615,1666434230,11666,1,11550,794,0
1617,1666434230,0,0,2728,118,-2728
1619,1666434230,1139,1,1117,167,11
1621,1666434230,482,508,478,155,0
1623,1666434230,251,3,245,66,4
1625,1666434230,420,1,0,0,416
1627,1666434230,131,1,0,0,130
1631,1666434230,0,0,13505,23,-13505
1635,1666434230,154,1,154,7,-1
1637,1666434230,0,0,437,17,-437
1639,1666434230,715,36,647,45,61
1641,1666434230,0,0,1073,4,-1073
1643,1666434230,1973,1,1951,5,3
1645,1666434230,0,0,11211,4,-11211
1658,1666434230,648,1300,0,0,642
1660,1666434230,1129,63,1125,90,-7
1662,1666434230,2015,1,2002,5,-7
1664,1666434230,0,0,11853,5,-11853
1692,1666434230,0,0,146,500,-146
1694,1666434230,460,2,0,0,456
1698,1666434230,0,0,1190,1,-1190
1700,1666434230,2115,3500,0,0,2094
1702,1666434230,11949,2,0,0,11830
1704,1666434230,11781,1,11592,55,72
1712,1666434230,11204,12,10856,3,236
1716,1666434230,0,0,100,1,-100
1718,1666434230,252,1,0,0,250
1724,1666434230,0,0,500,8,-500
1725,1666434230,1300,1,0,0,1287
1727,1666434230,0,0,580,1,-580
1731,1666434230,2085,5,2013,3,52
1733,1666434230,95,13,0,0,95
1734,1666434230,6,291,5,4112,1
1739,1666434230,0,0,195,46,-195
1741,1666434230,275,463,0,0,273
1745,1666434230,0,0,1495,9751,-1495
1747,1666434230,3062,115,3029,790,3
1749,1666434230,2236,195,2193,1182,21
1751,1666434230,1672,2363,1630,468,26
1753,1666434230,1363,799,1350,1274,0
1755,1666434230,99,1,0,0,99
1759,1666434230,32,35,30,80,2
1761,1666434230,188,13,174,4363,13
1763,1666434230,464,1,450,2,10
1765,1666434230,357,4,0,0,354
1767,1666434230,240,5,0,0,238
1773,1666434230,1499,1,0,0,1485
1775,1666434230,94,21,93,46,1
1777,1666434230,92,27208,92,2143,0
1779,1666434230,0,0,3,37500,-3
1783,1666434230,48,287,46,168,2
1785,1666434230,1,1,0,0,1
1791,1666434230,192,1,0,0,191
1794,1666434230,297,5,0,0,295
1823,1666434230,180,10,0,0,179
1833,1666434230,150,2,0,0,149
1835,1666434230,158,1,0,0,157
1837,1666434230,200,1,0,0,198
1887,1666434230,46,1,0,0,46
1891,1666434230,0,0,157,13,-157
1897,1666434230,180,251,161,1,18
1905,1666434230,98,4,0,0,98
1907,1666434230,100,1,0,0,99
1909,1666434230,767,1,0,0,760
1913,1666434230,79,1,0,0,79
1917,1666434230,102,10,100,1,1
1919,1666434230,58,16,0,0,58
1921,1666434230,76,1,0,0,76
1925,1666434230,6,201,0,0,6
1927,1666434230,60,2,0,0,60
1929,1666434230,40,5,39,1776,1
1931,1666434230,8,1,7,39,1
1933,1666434230,123,9,123,1000,-1
1937,1666434230,0,0,39,20000,-39
1939,1666434230,6,13662,5,1100,1
1941,1666434230,7,2001,6,385,1
1942,1666434230,70,14,0,0,70
1944,1666434230,31,1,0,0,31
1949,1666434230,153,1,146,1,6
1951,1666434230,36,2,0,0,36
1963,1666434230,54,12,0,0,54
1965,1666434230,47,3,0,0,47
1975,1666434230,41,159,47,141,-6
1978,1666434230,70,3,0,0,70
1980,1666434230,0,0,5,39,-5
1985,1666434230,63,4,0,0,63
1987,1666434230,24,242,24,22383,0
1993,1666434230,4,394,0,0,4
2003,1666434230,185,10,0,0,184
2015,1666434230,249,3,0,0,247
2025,1666434230,0,0,500,1,-500
2102,1666434230,0,0,66,2,-66
2114,1666434230,150,1701,0,0,149
2116,1666434230,196,1,0,0,195
2132,1666434230,0,0,40,111,-40
2138,1666434230,67,101,67,1,0
2142,1666434230,83,1,71,14,12
2162,1666434230,0,0,530,1,-530
2301,1666434230,767,100,0,0,760
2307,1666434230,266,4,0,0,264
2309,1666434230,153,3,0,0,152
2313,1666434230,302,2,283,2,16
2315,1666434230,0,0,450,100,-450
2349,1666434230,205,13,0,0,203
2351,1666434230,184,529,0,0,183
2353,1666434230,443,11846,441,1395,-2
2355,1666434230,98,412,95,82,3
2357,1666434230,94,76,92,12323,2
2359,1666434230,697,12,682,1859,9
2361,1666434230,1959,1103,1938,12665,2
2363,1666434230,12462,1279,12461,378,-123
2366,1666434230,0,0,65059,4,-65059
2430,1666434230,154,1,0,0,153
2432,1666434230,337,1,0,0,334
2434,1666434230,9355,1520,9262,1,0
2436,1666434230,216,62,0,0,214
2438,1666434230,0,0,160,40,-160
2440,1666434230,2395,146,2361,124,11
2442,1666434230,2500,2,2429,476,46
2444,1666434230,985,755,871,1080,105
2446,1666434230,230,20,200,5,28
2448,1666434230,0,0,368,197,-368
2452,1666434230,749,2,732,713,10
2456,1666434230,0,0,225,2,-225
2458,1666434230,0,0,107,1,-107
2481,1666434230,0,0,1413,1,-1413
2485,1666434230,0,0,1397,836,-1397
2489,1666434230,1745,38,0,0,1728
2495,1666434230,2863,6,0,0,2835
2497,1666434230,4304,2,4140,25,121
2499,1666434230,5100,250,0,0,5049
2503,1666434230,0,0,7600,24,-7600
2505,1666434230,1830,4913,1775,513,37
2507,1666434230,0,0,2330,18000,-2330
2509,1666434230,3265,9150,3246,4877,-13
2550,1666434230,771,372,766,100,-2
2552,1666434230,850,18,824,214,18
2568,1666434230,1023,1,0,0,1013
2572,1666434230,11539,19,11425,214,-1
2579,1666434230,223049,1,220349,1,470
2581,1666434230,1065694,1,0,0,1055038
2631,1666434230,0,0,42000,1,-42000
2663,1666434230,0,0,45001,1,-45001
2675,1666434230,35000,1,0,0,34650
2942,1666434230,806,1,0,0,798
2970,1666434230,0,0,428,1423,-428
2998,1666434230,0,0,2981,694,-2981
3000,1666434230,8273,930,8216,134,-25
3002,1666434230,3189,1981,3286,373,-128
3004,1666434230,8494,3656,8492,751,-82
3008,1666434230,343,200,312,102,28
3016,1666434230,2361,100,0,0,2338
3018,1666434230,0,0,1680,1296,-1680
3024,1666434230,11045,909,10855,50,80
3026,1666434230,0,0,8125,7,-8125
3028,1666434230,0,0,5300,1,-5300
3032,1666434230,425,2,0,0,421
3040,1666434230,113,10,0,0,112
3044,1666434230,36,1,0,0,36
3049,1666434230,0,0,2908,248,-2908
3051,1666434230,8179,566,8146,1193,-48
3053,1666434230,9326,1,9581,10,-348
3054,1666434230,26205,6,0,0,25943
3125,1666434230,2000,1,0,0,1980
3138,1666434230,133,10,112,806,20
3140,1666434230,0,0,157300,5,-157300
3142,1666434230,315,1281,310,2,2
3144,1666434230,456,1200,456,100,-4
3159,1666434230,0,0,2195,1,-2195
3188,1666434230,999,1,0,0,990
3202,1666434230,37928,1,37600,5,-51
3204,1666434230,152000,1,149150,6,1330
3379,1666434230,507,1,0,0,502
3389,1666434230,0,0,23267,1,-23267
3404,1666434230,3495,1,0,0,3461
3420,1666434230,191,53,0,0,190
3480,1666434230,0,0,38020,1,-38020
3678,1666434230,0,0,5990,1,-5990
3749,1666434230,0,0,39591,1,-39591
3751,1666434230,45230,2,0,0,44778
3755,1666434230,0,0,38350,1,-38350
3801,1666434230,585,6,0,0,580
3827,1666434230,0,0,1537,1,-1537
3836,1666434230,1057,1,0,0,1047
3853,1666434230,741,24,701,101,33
4012,1666434230,0,0,191,1,-191
4087,1666434230,0,0,161348,6,-161348
4089,1666434230,16278,2,15010,1,1106
4091,1666434230,0,0,71210,10,-71210
4093,1666434230,47939,2,47240,8,220
4097,1666434230,0,0,5601,2,-5601
4101,1666434230,73000,1,0,0,72270
4103,1666434230,49000,1,0,0,48510
4115,1666434230,0,0,6047,1,-6047
4121,1666434230,4000,1,0,0,3960
4127,1666434230,900,1,0,0,891
4131,1666434230,7646,6,7100,4,470
4151,1666434230,1550312,2,1535529,3,-720
4153,1666434230,63683,23,63683,2,-636
4161,1666434230,12,2,0,0,12
4207,1666434230,263579,2,0,0,260944
4298,1666434230,0,0,150,1,-150
4300,1666434230,899,1,0,0,891
4302,1666434230,0,0,270,2,-270
4310,1666434230,3123,1,3167,3,-75
4417,1666434230,0,0,1975,1,-1975
4456,1666434230,73,1,0,0,73
4527,1666434230,0,0,2,4,-2
4548,1666434230,895,1,0,0,887
4551,1666434230,767,1,0,0,760
4585,1666434230,0,0,161370,14,-161370
4587,1666434230,0,0,59587,11,-59587
4627,1666434230,0,0,1475,1,-1475
4675,1666434230,60590,1,59200,2,785
4687,1666434230,387,3,0,0,384
4696,1666434230,7,2976,6,1600,1
4697,1666434230,118,2000,113,241,4
4698,1666434230,85,5002,84,160,1
4710,1666434230,116817,1,0,0,115649
4712,1666434230,0,0,3608529,4,-3608529
4714,1666434230,3049048,4,3012195,2,6363
4716,1666434230,294000,1,0,0,291060
4718,1666434230,1288000,4,0,0,1275120
4720,1666434230,871061,6,0,0,862351
4722,1666434230,1014980,10,0,0,1004831
4730,1666434230,300000,1,0,0,297000
4732,1666434230,65333,2,61356,1,3324
4736,1666434230,2094489,2,2079743,3,-6198
4738,1666434230,459684,1,457155,2,-2067
4749,1666434230,0,0,209263,2,-209263
4753,1666434230,0,0,123010,2,-123010
4755,1666434230,0,0,150012,1,-150012
4757,1666434230,0,0,255723,2,-255723
4759,1666434230,306506,2,301015,4,2426
4819,1666434230,4,25,3,82,1
4820,1666434230,5,13000,5,13000,0
4821,1666434230,0,0,6969,4,-6969
4822,1666434230,0,0,37,2,-37
4842,1666434230,447,50,0,0,443
4884,1666434230,0,0,268000,5,-268000
4890,1666434230,0,0,1226000,2,-1226000
4896,1666434230,0,0,785000,5,-785000
4902,1666434230,0,0,1000000,5,-1000000
4932,1666434230,0,0,24515,1,-24515
4944,1666434230,0,0,1930100,2,-1930100
4950,1666434230,0,0,382300,3,-382300
4968,1666434230,0,0,166405,1,-166405
5075,1666434230,5787,3109,5765,801,-35
5096,1666434230,1,56,0,0,1
5280,1666434230,59,163,69,7,-10
5282,1666434230,188,2,0,0,187
5283,1666434230,0,0,10,6,-10
5284,1666434230,0,0,11,7,-11
5287,1666434230,0,0,50,14,-50
5288,1666434230,0,0,1856,38,-1856
5289,1666434230,35253,2,35008,32,-107
5290,1666434230,0,0,111,4,-111
5294,1666434230,24,1,0,0,24
5295,1666434230,30811,713,30301,108,202
5296,1666434230,1336,1060,1271,49,52
5297,1666434230,0,0,58,4,-58
5298,1666434230,0,0,375,2,-375
5300,1666434230,44328,41,43521,168,364
5301,1666434230,670,1,0,0,664
5302,1666434230,0,0,396,2,-396
5303,1666434230,0,0,332,34,-332
5304,1666434230,22796,280,22953,98,-384
5305,1666434230,5,4000,0,0,5
5311,1666434230,0,0,46,18,-46
5312,1666434230,61,1,61,5,0
5313,1666434230,305,10,316,8,-14
5314,1666434230,15143,2,15034,14,-42
5315,1666434230,42507,4,42550,20,-468
5316,1666434230,79000,1,77028,146,1182
5318,1666434230,1,1200,0,0,1
5321,1666434230,39,13,17,3,22
5322,1666434230,1,9,0,0,1
5324,1666434230,1,94,0,0,1
5331,1666434230,118,8,0,0,117
5343,1666434230,99,2,0,0,99
5354,1666434230,2,2000,2,10,0
5371,1666434230,525,32,525,34,-5
5373,1666434230,44715,75,0,0,44268
5374,1666434230,79842,66,79100,242,-56
5376,1666434230,1,10000,1,10000,0
5386,1666434230,868,95,0,0,860
5416,1666434230,0,0,255,575,-255
5418,1666434230,2,18,2,1,0
5501,1666434230,2597,200,0,0,2572
5502,1666434230,36854,56,36242,1,244
5503,1666434230,303,2,0,0,300
5535,1666434230,2,2,0,0,2
5547,1666434230,22000,2,0,0,21780
5698,1666434230,22574,6,21251,2,1098
5747,1666434230,0,0,14800,2,-14800
5757,1666434230,65982,10,0,0,65323
5767,1666434230,0,0,881,188,-881
5817,1666434230,0,0,60000,4,-60000
5931,1666434230,1300,114,1205,158,82
5935,1666434230,0,0,241,214,-241
5940,1666434230,3600,2,3308,8,256
5952,1666434230,3185,24,3111,64,43
5954,1666434230,3014,4,0,0,2984
5970,1666434230,14,2,14,3,0
5972,1666434230,1021,1280,1011,1038,0
5974,1666434230,2450,308,2433,4092,-7
5980,1666434230,120,6,0,0,119
5982,1666434230,24,1255,0,0,24
5998,1666434230,1040,369,1004,525,26
6004,1666434230,119,10,0,0,118
6016,1666434230,374,529,276,346,95
6034,1666434230,383,1,352,416,28
6036,1666434230,390,2,0,0,387
6055,1666434230,268,1,245,25,21
6135,1666434230,5704,1,0,0,5647
6289,1666434230,0,0,11,13049,-11
6291,1666434230,0,0,203,10,-203
6306,1666434230,0,0,6,106,-6
6317,1666434230,21052,1,0,0,20842
6322,1666434230,2655,1,2500,12,129
6324,1666434230,940,1,0,0,931
6332,1666434230,234,11146,228,2508,4
6333,1666434230,154,35,154,280,-1
6522,1666434230,1930,2,1774,1,137
6524,1666434230,308999,1,0,0,305910
6528,1666434230,185983,1,179000,1,5124
6562,1666434230,50777,1,0,0,50270
6563,1666434230,106033,3,0,0,104973
6568,1666434230,686573,1,635000,2,44708
6585,1666434230,2287854,6,2258377,6,6599
6667,1666434230,29,1,0,0,29
6685,1666434230,9913,5970,9672,2,142
6687,1666434230,0,0,7139,1,-7139
6689,1666434230,0,0,4620,1,-4620
6691,1666434230,0,0,2329,1,-2329
6693,1666434230,5971,11426,5861,221,51
6729,1666434230,0,0,9026,285,-9026
6731,1666434230,0,0,394966,1,-394966
6735,1666434230,45915,9,42398,2,3058
6737,1666434230,2242079,2,2212030,4,7629
6739,1666434230,42500,2,41000,1,1075
6812,1666434230,2382,12,2488,288,-129
6889,1666434230,2952930,3,2857095,1,66306
6914,1666434230,3462963,4,3413970,4,14364
6916,1666434230,0,0,2193000,1,-2193000
6918,1666434230,0,0,2082002,2,-2082002
6920,1666434230,0,0,447501,1,-447501
6922,1666434230,0,0,946488,1,-946488
6924,1666434230,0,0,3031375,1,-3031375
7060,1666434230,1036,26,0,0,1026
7158,1666434230,139994,4,131759,6,6836
7159,1666434230,50000,1,0,0,49500
7208,1666434230,556,1,0,0,551
7218,1666434230,692,305,689,5,-3
7329,1666434230,0,0,44,37,-44
7331,1666434230,0,0,81,28,-81
7378,1666434230,0,0,39255,1,-39255
7416,1666434230,7210,151,7407,195,-269
7418,1666434230,0,0,6699,771,-6699
7445,1666434230,21974,1,0,0,21755
7662,1666434230,0,0,99,2,-99
7936,1666434230,2,119808,0,0,2
7946,1666434230,324,683,314,2,7
8007,1666434230,375,245,0,0,372
8008,1666434230,398,76,370,121,25
8009,1666434230,343,220,0,0,340
8010,1666434230,305,62,0,0,302
8011,1666434230,423,44,0,0,419
8013,1666434230,418,4240,415,1861,-1
8015,1666434230,633,1000,605,25,22
8778,1666434230,0,0,404,144,-404
8780,1666434230,758,6,755,1484,-4
8782,1666434230,1916,2504,1900,5093,-3
8784,1666434230,132995,29,0,0,131666
8786,1666434230,344999,12,0,0,341550
8788,1666434230,992383,3,0,0,982460
8790,1666434230,0,0,1373,16,-1373
8792,1666434230,736,20,701,226,28
8872,1666434230,4287,1,0,0,4245
8880,1666434230,2384,2,0,0,2361
9028,1666434230,1110,10,950,1,149
9038,1666434230,0,0,200,1,-200
9075,1666434230,79,26605,78,6828,1
9142,1666434230,0,0,70,828,-70
9143,1666434230,190,83,186,494,3
9144,1666434230,296,200,290,352,4
9185,1666434230,10914,7,9455,4,1350
9188,1666434230,0,0,285,28,-285
9189,1666434230,0,0,22,28,-22
9190,1666434230,0,0,30,27,-30
9191,1666434230,91,946,85,55,6
9192,1666434230,0,0,170,787,-170
9193,1666434230,0,0,280,921,-280
9194,1666434230,0,0,8141,5095,-8141
9242,1666434230,274,4640,266,2,6
9243,1666434230,319,3000,308,310,8
9244,1666434230,470,740,455,589,11
9245,1666434230,8640,15,8641,2789,-87
9337,1666434230,99,100,0,0,99
9340,1666434230,418,10,0,0,414
9342,1666434230,0,0,8462,2,-8462
9380,1666434230,199,7787,0,0,198
9381,1666434230,0,0,410,105,-410
9419,1666434230,1220,4,0,0,1208
9431,1666434230,0,0,9392,9,-9392
9469,1666434230,113022,1,113022,1,-1130
9470,1666434230,739000,1,0,0,731610
9735,1666434230,42,120,0,0,42
9736,1666434230,71,602,0,0,71
9739,1666434230,1016,100,878,127,128
9978,1666434230,0,0,30,47,-30
10008,1666434230,50,508,0,0,50
10029,1666434230,0,0,40,1,-40
10034,1666434230,947,1295,925,716,13
10075,1666434230,4127,1,0,0,4086
10083,1666434230,0,0,1808,3,-1808
10088,1666434230,21,226,0,0,21
10091,1666434230,0,0,16,25,-16
10097,1666434230,0,0,75,1,-75
10111,1666434230,4394,10,0,0,4351
10284,1666434230,4985,1,0,0,4936
10286,1666434230,50753,1,0,0,50246
10292,1666434230,0,0,21064,1,-21064
10326,1666434230,0,0,125,89,-125
10327,1666434230,0,0,128,105,-128
10338,1666434230,62598027,1,0,0,61972047
10340,1666434230,24243656,1,0,0,24001220
10368,1666434230,99147,1,95000,1,3156
10374,1666434230,46895,2,0,0,46427
10376,1666434230,36000,1,0,0,35640
10378,1666434230,0,0,141575,2,-141575
10380,1666434230,0,0,331287,3,-331287
10382,1666434230,0,0,61249,1,-61249
10386,1666434230,295050,1,240000,1,52100
10388,1666434230,0,0,400425,1,-400425
10394,1666434230,2350000,1,0,0,2326500
10476,1666434230,5938,967,5812,214,67
10828,1666434230,46442,8,46210,10,-232
10925,1666434230,40700,80,39581,24,712
10937,1666434230,0,0,21700,53,-21700
10973,1666434230,94,2,0,0,94
10981,1666434230,722,2,0,0,715
11037,1666434230,154697,2,0,0,153151
11069,1666434230,249,10580,0,0,247
11076,1666434230,760,8900,0,0,753
11079,1666434230,898,1,817,1,73
11090,1666434230,0,0,2176,2,-2176
11105,1666434230,12410,5,12001,9,285
11113,1666434230,0,0,12216,54,-12216
11115,1666434230,11950,500,11950,380,-119
11118,1666434230,12530,5,12100,1,305
11126,1666434230,12267,1,12277,809,-132
11128,1666434230,2212931,1,2158572,1,32230
11200,1666434230,0,0,36800,1,-36800
11212,1666434230,2366,4900,2312,179,31
11229,1666434230,0,0,2950,46,-2950
11230,1666434230,1936,1301,1894,1010,23
11232,1666434230,2086,1088,2085,5398,-19
11235,1666434230,0,0,583338,1,-583338
11237,1666434230,0,0,2390,1524,-2390
11238,1666434230,0,0,2000,1,-2000
11242,1666434230,0,0,3538,187,-3538
11244,1666434230,1927,17,0,0,1908
11248,1666434230,0,0,3795,87,-3795
11250,1666434230,0,0,4503,19,-4503
11252,1666434230,0,0,22900,15,-22900
11254,1666434230,0,0,39239,8,-39239
11260,1666434230,780,1700,764,479,9
11284,1666434230,3065127,3,3041622,1,-7146
11286,1666434230,0,0,3100000,1,-3100000
11328,1666434230,0,0,20,38,-20
11330,1666434230,0,0,20,27,-20
11377,1666434230,0,0,11912,5,-11912
11465,1666434230,4397,1,0,0,4354
11475,1666434230,111,1,0,0,110
11785,1666434230,29060277,3,0,0,28769675
11789,1666434230,80306,2,0,0,79503
11802,1666434230,9289999,1,9186805,4,10295
11804,1666434230,18220997,5,18063941,1,-25153
11806,1666434230,22215912,2,21800000,1,193753
11808,1666434230,0,0,4450000,1,-4450000
11820,1666434230,0,0,152559,2,-152559
11822,1666434230,0,0,153822,1,-153822
11824,1666434230,6947671,2,6864384,1,13811
11826,1666434230,8380896,2,8171890,2,125198
11828,1666434230,32879000,2,32713033,3,-162823
11830,1666434230,24650000,2,24513068,3,-109568
11832,1666434230,26899999,1,26550000,4,81000
11834,1666434230,22330999,1,21828549,3,279141
11836,1666434230,0,0,190501,2,-190501
11838,1666434230,296316,2,291003,1,2350
11840,1666434230,108331,9,105408,8,1840
11889,1666434230,7319136,3,0,0,7245945
11902,1666434230,0,0,40638,1,-40638
11908,1666434230,57000,1,0,0,56430
11920,1666434230,7187433,6,7040917,11,74642
11924,1666434230,0,0,1335460,1,-1335460
11926,1666434230,2028151,2,0,0,2007870
11943,1666434230,3492,1,3431,32,27
11951,1666434230,319,389,0,0,316
11957,1666434230,137,10,0,0,136
11959,1666434230,2195,300,2115,55,59
11968,1666434230,12653,53,12556,4,-29
11972,1666434230,12507,10,0,0,12382
11978,1666434230,11750,197,11600,5,33
11980,1666434230,13838,173,13861,2,-161
11992,1666434230,0,0,702,297,-702
11998,1666434230,0,0,1602834,1,-1602834
12002,1666434230,494857,6,485388,15,4521
12004,1666434230,349715,2,340989,2,5229
12203,1666434230,25727,1,0,0,25470
12245,1666434230,0,0,12000,3,-12000
12251,1666434230,0,0,12750,1,-12750
12269,1666434230,12000,1,0,0,11880
12271,1666434230,27690,1,0,0,27414
12295,1666434230,0,0,3333,1,-3333
12311,1666434230,0,0,5009,1,-5009
12335,1666434230,266406,2,0,0,263742
12349,1666434230,0,0,1539,1,-1539
12381,1666434230,0,0,22255,1,-22255
12383,1666434230,0,0,136005,1,-136005
12399,1666434230,0,0,609000,1,-609000
12402,1666434230,12298,2,11527,10,649
12403,1666434230,11515,18,0,0,11400
12405,1666434230,3846,1,0,0,3808
12406,1666434230,22000,5,0,0,21780
12407,1666434230,0,0,305,6,-305
12409,1666434230,10172,10,0,0,10071
12410,1666434230,0,0,6435,12,-6435
12411,1666434230,0,0,791,5,-791
12432,1666434230,0,0,69490,2,-69490
12453,1666434230,328552,1,0,0,325267
12455,1666434230,121668,1,0,0,120452
12494,1666434230,312872,1,0,0,309744
12496,1666434230,0,0,60000,1,-60000
12500,1666434230,174002,2,162666,1,9596
12504,1666434230,0,0,68000,1,-68000
12512,1666434230,0,0,77404,1,-77404
12615,1666434230,0,0,1363,1,-1363
12616,1666434230,0,0,1387,2,-1387
12618,1666434230,0,0,8150,1,-8150
12621,1666434230,11241,2,8403,1,2726
12622,1666434230,7087,2,0,0,7017
12623,1666434230,10072,1,0,0,9972
12624,1666434230,12435,1,0,0,12311
12625,1666434230,5197,1276,0,0,5146
12629,1666434230,0,0,2478,2,-2478
12631,1666434230,1367,1,0,0,1354
12640,1666434230,875,5650,856,1,11
12642,1666434230,4377,3,4001,10,333
12695,1666434230,10990,259,10700,1000,181
12775,1666434230,1871,12,1868,13,-15
12777,1666434230,1475,5,0,0,1461
12778,1666434230,1038,2,0,0,1028
12779,1666434230,1897,2,1469,3,410
12780,1666434230,0,0,758,2,-758
12781,1666434230,895,20,668,1,219
12817,1666434230,0,0,654000000,2,-654000000
12821,1666434230,0,0,56251000,1,-56251000
12831,1666434230,0,0,715650,2,-715650
12833,1666434230,0,0,661667,3,-661667
12851,1666434230,0,0,45000,1,-45000
12863,1666434230,770000,2,0,0,762300
12869,1666434230,12545,1,0,0,12420
12871,1666434230,15386,11,0,0,15233
12873,1666434230,0,0,1411653,2,-1411653
12875,1666434230,936026,1,0,0,926666
12877,1666434230,3434000,7,0,0,3399660
12879,1666434230,666667,3,0,0,660001
12900,1666434230,3109998,3,3077160,2,1739
12902,1666434230,8131714,2,0,0,8050397
12905,1666434230,5600,10,0,0,5544
12913,1666434230,11344,58,0,0,11231
12922,1666434230,3133002,1,3119371,3,-17699
12924,1666434230,3218777,4,3164746,1,21844
12929,1666434230,3026017,1,2989459,1,6298
12934,1666434230,150,104005,146,37017,3
12938,1666434230,24100,2,23757,20,102
12988,1666434230,7867,1,0,0,7789
13000,1666434230,6671,1,0,0,6605
13020,1666434230,139100,1,0,0,137709
13048,1666434230,162164,1,0,0,160543
13155,1666434230,12429,1,0,0,12305
13157,1666434230,59506,1,0,0,58911
13190,1666434230,6344097,2,6369599,9,-88942
13233,1666434230,6495445,1,0,0,6430491
13237,1666434230,32823916,1,32437863,2,57814
13239,1666434230,0,0,26467427,2,-26467427
13271,1666434230,2143607,1,2095000,1,27171
13391,1666434230,0,0,24,702,-24
13421,1666434230,6,1280,6,185,0
13441,1666434230,1438,1012,0,0,1424
13448,1666434230,0,0,218,1,-218
13478,1666434230,0,0,1365,1,-1365
13484,1666434230,0,0,1786,15,-1786
13490,1666434230,0,0,1855,8,-1855
13493,1666434230,0,0,2388,3,-2388
13496,1666434230,0,0,2850,18,-2850
13499,1666434230,0,0,3300,15,-3300
13502,1666434230,0,0,3786,54,-3786
13511,1666434230,0,0,5513,7,-5513
13573,1666434230,0,0,590,140,-590
13576,1666434230,0,0,27169914,2,-27169914
13652,1666434230,89474999,2,0,0,88580250
19478,1666434230,422716,1,381534,2,36955
19481,1666434230,595000,3,586002,1,3048
19484,1666434230,962,600,0,0,953
19490,1666434230,0,0,1857,250,-1857
19544,1666434230,14277056,2,0,0,14134286
19547,1666434230,14316493,6,14134554,1,38775
19550,1666434230,0,0,14324830,2,-14324830
19553,1666434230,14462000,1,0,0,14317380
19580,1666434230,0,0,626,460,-626
19582,1666434230,996,500,988,506,-1
19584,1666434230,1,4171,1,1000,0
19613,1666434230,1998,10,0,0,1979
19615,1666434230,1988,4,0,0,1969
19617,1666434230,1900,477,0,0,1881
19619,1666434230,2178,1,0,0,2157
19621,1666434230,1697,24,0,0,1681
19623,1666434230,1992,11,0,0,1973
19629,1666434230,3350,5,3264,52,53
19631,1666434230,2850,24,0,0,2822
19672,1666434230,2787,1,0,0,2760
19921,1666434230,0,0,393348,2,-393348
19958,1666434230,2132855,1,0,0,2111527
20050,1666434230,893876,2,0,0,884938
20062,1666434230,3825601,1,3765882,1,21463
20065,1666434230,0,0,4204004,2,-4204004
20169,1666434230,0,0,12100,1,-12100
20205,1666434230,0,0,475000,1,-475000
20223,1666434230,0,0,48127,1,-48127
20226,1666434230,0,0,5524,1,-5524
20232,1666434230,15500,2,12463,3,2882
20235,1666434230,9000,1,0,0,8910
20716,1666434230,710000,5,700000,1,2900
20718,1666434230,2700,110,2638,755,35
20724,1666434230,0,0,29664508,1,-29664508
20727,1666434230,65000,1,0,0,64350
20736,1666434230,10000,1,0,0,9900
20849,1666434230,0,0,366,25,-366
20997,1666434230,0,0,1245202003,2,-1245202003
21000,1666434230,10379609,2,10168185,1,107628
21003,1666434230,8773890,2,0,0,8686152
21006,1666434230,0,0,79590000,2,-79590000
21009,1666434230,100490,2,0,0,99486
21012,1666434230,61800000,2,0,0,61182000
21018,1666434230,0,0,18901705,4,-18901705
21021,1666434230,139888555,1,137018333,3,1471337
21024,1666434230,0,0,116412500,4,-116412500
21047,1666434230,55975,1,47394,1,8022
21143,1666434230,2140,126,0,0,2119
21163,1666434230,0,0,1068,214,-1068
21166,1666434230,4300,21,0,0,4257
21177,1666434230,1414,30,0,0,1400
21257,1666434230,0,0,1250,3,-1250
21298,1666434230,0,0,546945,2,-546945
21301,1666434230,0,0,924200,3,-924200
21304,1666434230,762939,2,750882,2,4428
21316,1666434230,324,2321,0,0,321
21318,1666434230,0,0,367,1000,-367
21326,1666434230,258,1774,0,0,256
21347,1666434230,0,0,4473,12,-4473
21387,1666434230,0,0,152000,2,-152000
21480,1666434230,5495,12,5127,30,314
21483,1666434230,660,1000,0,0,654
21486,1666434230,0,0,100,4,-100
21488,1666434230,0,0,3473,4,-3473
21490,1666434230,377,112,350,12,24
21504,1666434230,0,0,260,66,-260
21643,1666434230,944444,1,0,0,935000
21733,1666434230,0,0,2788331,3,-2788331
21736,1666434230,49000,1,0,0,48510
21742,1666434230,113514,2,106321,1,6058
21802,1666434230,865,22,850,103,7
21804,1666434230,0,0,149834,1,-149834
21807,1666434230,0,0,498771,6,-498771
21810,1666434230,0,0,998635,6,-998635
21817,1666434230,43836,1,43800,456,-402
21820,1666434230,170,9544,169,27249,0
21880,1666434230,234,45433,225,294,7
21892,1666434230,2229941,1,0,0,2207642
21902,1666434230,1116759,5,1099000,3,6592
21905,1666434230,1581,2200,0,0,1566
21930,1666434230,1620,244,1620,1757,-16
21932,1666434230,1785,700,0,0,1768
21940,1666434230,0,0,1720,30,-1720
21944,1666434230,1791,4037,0,0,1774
21946,1666434230,1850,2600,0,0,1832
21948,1666434230,0,0,1707,7554,-1707
21950,1666434230,9279,100,0,0,9187
21955,1666434230,1765,40,0,0,1748
21967,1666434230,1739,1000,0,0,1722
21978,1666434230,11300,2000,0,0,11187
22118,1666434230,380,2,380,5,-3
22124,1666434230,0,0,10220,860,-10220
22195,1666434230,939,4,0,0,930
22201,1666434230,0,0,1940,4,-1940
22209,1666434230,10999,193,10927,169,-37
22254,1666434230,0,0,7,125,-7
22281,1666434230,6951,2,0,0,6882
22284,1666434230,18893,2,18251,4,454
22299,1666434230,0,0,3991088,1,-3991088
22305,1666434230,15963942,1,0,0,15804303
22324,1666434230,78185036,3,76805815,3,597371
22438,1666434230,0,0,37767615,2,-37767615
22446,1666434230,13095,604,13001,188,-36
22461,1666434230,20925,414,0,0,20716
22464,1666434230,0,0,14625,1,-14625
22481,1666434230,0,0,86853015,3,-86853015
22486,1666434230,0,0,340600000,2,-340600000
22542,1666434230,11815315,1,0,0,11697162
22547,1666434230,32965399,1,0,0,32635746
22552,1666434230,6500000,6,0,0,6435000
22557,1666434230,614609,1,604086,1,4377
22593,1666434230,0,0,37,911,-37
22595,1666434230,0,0,35,1364,-35
22597,1666434230,1,2220,0,0,1
22603,1666434230,0,0,308,1,-308
22780,1666434230,1500,1,1500,191,-15
22804,1666434230,0,0,2471,18,-2471
22856,1666434230,76114,2,0,0,75353
22859,1666434230,43600,6,0,0,43164
22866,1666434230,148120,40,0,0,146639
22869,1666434230,0,0,81000,5,-81000
22871,1666434230,0,0,38391,2,-38391
22873,1666434230,1,1,0,0,1
22877,1666434230,0,0,143000,2,-143000
22879,1666434230,2102,164,2095,150,-14
22887,1666434230,3349,10,3333,16,-17
22929,1666434230,946,6,0,0,937
22949,1666434230,2023,106,0,0,2003
22951,1666434230,543584,1,539145,1,-996
22954,1666434230,1078989,2,1046401,1,21799
22975,1666434230,3040280,4,3007515,3,2363
22978,1666434230,0,0,37526995,1,-37526995
22983,1666434230,0,0,5884618,1,-5884618
23002,1666434230,16000,1,0,0,15840
23113,1666434230,156000,2,151000,1,3440
23116,1666434230,300121,2,0,0,297120
23194,1666434230,0,0,228008,1,-228008
23203,1666434230,0,0,170359,1,-170359
23206,1666434230,0,0,8600,3,-8600
23282,1666434230,0,0,3025204,1,-3025204
23285,1666434230,0,0,265002,1,-265002
23303,1666434230,42780,1,0,0,42353
23306,1666434230,18710,1,0,0,18523
23357,1666434230,0,0,90300,1,-90300
23381,1666434230,0,0,102422,2,-102422
23384,1666434230,14166,1,0,0,14025
23389,1666434230,0,0,649303,2,-649303
23413,1666434230,50000,1,0,0,49500
23499,1666434230,0,0,39000,3,-39000
23685,1666434230,16086,66,15720,6,206
23691,1666434230,0,0,7733,1,-7733
23697,1666434230,864,2,0,0,856
23709,1666434230,0,0,3269,29,-3269
23721,1666434230,3990,1,0,0,3951
23733,1666434230,2077,196,2041,183,16
23745,1666434230,1659,17,0,0,1643
23754,1666434230,550,1,0,0,545
23908,1666434230,0,0,38031,1,-38031
23943,1666434230,2062125,1,0,0,2041504
23956,1666434230,0,0,6168464,8,-6168464
23959,1666434230,2462626,12,2460000,1,-22000
24015,1666434230,9298,1,0,0,9206
24229,1666434230,0,0,856656,3,-856656
24251,1666434230,0,0,32501,10,-32501
24268,1666434230,19511236,2,19316441,3,-317
24422,1666434230,0,0,31277009,1,-31277009
24488,1666434230,0,0,221690000,1,-221690000
24517,1666434230,0,0,153007333,1,-153007333
24585,1666434230,45185,2,0,0,44734
24587,1666434230,0,0,4707450,2,-4707450
24589,1666434230,872,30,855,18,9
24592,1666434230,0,0,977,51,-977
24595,1666434230,0,0,650,72,-650
24598,1666434230,8300,276,8230,53,-13
24607,1666434230,0,0,520,1011,-520
24609,1666434230,10,6,10,453,0
24611,1666434230,10,20,10,17,0
24613,1666434230,545,200,507,601,33
24615,1666434230,132,47,105,60,26
24621,1666434230,0,0,95,196,-95
24635,1666434230,30000,164,29882,3,-182
24777,1666434230,6591368,1,6500070,2,25385
24953,1666434230,0,0,1051,17,-1051
24957,1666434230,1000,3,0,0,990
24961,1666434230,1750,1,0,0,1733
24963,1666434230,1500,1,0,0,1485
25413,1666434230,90000,1,0,0,89100
25576,1666434230,390000,1,0,0,386100
25578,1666434230,676,1,0,0,670
25766,1666434230,139,1,0,0,138
25772,1666434230,1328,1,1327,69,-12
25775,1666434230,0,0,2362,1,-2362
25778,1666434230,0,0,3725,25,-3725
25849,1666434230,328,5000,326,4136,-1
25853,1666434230,0,0,572,32936,-572
25859,1666434230,0,0,154671111,1,-154671111
25862,1666434230,0,0,156688000,1,-156688000
25975,1666434230,10963175,3,10845162,5,8382
25985,1666434230,0,0,11075000,1,-11075000
26219,1666434230,139424999,4,137752030,6,278720
26223,1666434230,0,0,47001,2,-47001
26231,1666434230,0,0,3800,182,-3800
26233,1666434230,0,0,47436038,1,-47436038
26235,1666434230,0,0,203233012,1,-203233012
26340,1666434230,756,500,0,0,749
26374,1666434230,318780000,1,0,0,315592200
26390,1666434230,65369,6,65000,21,-284
26479,1666434230,738036,4,0,0,730656
26528,1666434230,0,0,760531,4,-760531
26798,1666434230,25764,1,0,0,25507
26815,1666434230,1285000,1,0,0,1272150
27014,1666434230,76500,4,0,0,75735
27226,1666434230,41439911,1,0,0,41025512
27238,1666434230,0,0,251000000,1,-251000000
27241,1666434230,202597000,4,202111111,1,-1540081
27272,1666434230,0,0,1906,94,-1906
27277,1666434230,1599819000,1,0,0,1583820810
2,1666436067,168,81464,0,0,167
6,1666436067,189876,1,185318,2,2660
8,1666436067,188986,1,185008,2,2089
10,1666436067,201986,1,185008,2,14959
12,1666436067,186569,2,185008,2,-304
40,1666436067,6,3014,6,1054,0
43,1666436067,83,10000,81,22,2
44,1666436067,0,0,255,8,-255
52,1666436067,1,7000,0,0,1
53,1666436067,7,1000,6,2190,1
58,1666436067,0,0,49,551,-49
62,1666436067,74,2002,0,0,74
66,1666436067,334,1,333,2528,-2
70,1666436067,1080,3280,1085,125,-15
91,1666436067,112,1,0,0,111
93,1666436067,66,1,58,53,8
95,1666436067,0,0,186,800,-186
97,1666436067,1012,1,1012,501,-10
99,1666436067,7120,547,0,0,7049
101,1666436067,0,0,817,2,-817
107,1666436067,2316,201,0,0,2293
111,1666436067,0,0,5600,102,-5600
113,1666436067,321,10,320,2,-2
117,1666436067,0,0,160,1,-160
125,1666436067,0,0,2,1,-2
139,1666436067,0,0,6917,956,-6917
141,1666436067,0,0,4355,1,-4355
143,1666436067,0,0,2204,4,-2204
145,1666436067,0,0,126,2,-126
149,1666436067,0,0,43,3,-43
157,1666436067,0,0,1680,1302,-1680
163,1666436067,0,0,1659,557,-1659
167,1666436067,0,0,320,1,-320
171,1666436067,0,0,476,4,-476
173,1666436067,0,0,221,1,-221
183,1666436067,0,0,215,2,-215
189,1666436067,0,0,1210,969,-1210
199,1666436067,0,0,81,407,-81
201,1666436067,0,0,27,73,-27
203,1666436067,0,0,124,2360,-124
205,1666436067,0,0,890,138,-890
207,1666436067,6900,228,6792,281,39
209,1666436067,0,0,726,155,-726
211,1666436067,0,0,1677,146,-1677
213,1666436067,0,0,1573,410,-1573
215,1666436067,0,0,2042,53,-2042
217,1666436067,0,0,679,117,-679
219,1666436067,0,0,5584,563,-5584
221,1666436067,4,4102,4,1,0
223,1666436067,1000,1,914,3,76
225,1666436067,580,21,570,1007,5
227,1666436067,0,0,4,105,-4
229,1666436067,2,4,2,26,0
231,1666436067,289,2411,285,328,2
233,1666436067,599,1,0,0,594
235,1666436067,230,4,0,0,228
237,1666436067,0,0,182,16,-182
239,1666436067,302,1,307,179,-8
243,1666436067,0,0,876,10,-876
245,1666436067,1127,2,1100,268,16
247,1666436067,400,724,360,93,36
249,1666436067,0,0,80,69,-80
251,1666436067,0,0,45,13,-45
253,1666436067,0,0,130,97,-130
255,1666436067,0,0,920,105,-920
257,1666436067,6997,254,6927,360,1
259,1666436067,757,2,718,75,32
261,1666436067,0,0,1652,84,-1652
263,1666436067,0,0,1400,8,-1400
265,1666436067,0,0,2121,106,-2121
267,1666436067,0,0,648,152,-648
269,1666436067,0,0,5684,114,-5684
288,1666436067,719,11,0,0,712
299,1666436067,0,0,532,38,-532
301,1666436067,185,3,0,0,184
307,1666436067,63,1,0,0,63
309,1666436067,63,1,0,0,63
311,1666436067,78,1,0,0,78
313,1666436067,5,1,3,121309,2
314,1666436067,3,37778,0,0,3
315,1666436067,32,1,0,0,32
327,1666436067,0,0,52,30,-52
329,1666436067,62,1316,58,378,4
331,1666436067,0,0,47,618,-47
333,1666436067,41,20,38,93,3
335,1666436067,81,110,79,25,2
339,1666436067,0,0,12,93,-12
353,1666436067,26,10,0,0,26
361,1666436067,92,1179,92,11,0
363,1666436067,27,799,0,0,27
365,1666436067,129,166,0,0,128
371,1666436067,252,8,250,401,0
373,1666436067,280,2662,279,44,-1
377,1666436067,0,0,163,5,-163
379,1666436067,239,800,236,283,1
383,1666436067,584,3549,583,3233,-4
385,1666436067,0,0,779,13102,-779
389,1666436067,0,0,781,675,-781
391,1666436067,984,2122,934,213,41
395,1666436067,0,0,613,202,-613
401,1666436067,0,0,32,773,-32
426,1666436067,0,0,39,2,-39
428,1666436067,0,0,29,1,-29
434,1666436067,132,5,135,10,-4
436,1666436067,56,730,56,132,0
438,1666436067,65,862,58,483,7
440,1666436067,119,53,117,1058,1
442,1666436067,57,10,55,5882,2
444,1666436067,221,3394,221,27766,-2
447,1666436067,129,30,128,2632,0
449,1666436067,0,0,1110,2641,-1110
451,1666436067,11258,36,11233,1030,-87
453,1666436067,152,1995,150,16504,1
464,1666436067,0,0,478,18,-478
526,1666436067,74,62,0,0,74
530,1666436067,593,3,412,5,176
532,1666436067,205,96,200,40,3
534,1666436067,578,1,553,1,20
536,1666436067,2260,337,2244,1140,-6
542,1666436067,206,3,0,0,204
544,1666436067,1001,3,1000,5,-9
554,1666436067,5,85566,5,21937,0
555,1666436067,5,94676,4,3409,1
556,1666436067,5,72190,5,50156,0
557,1666436067,4,102999,4,3130,0
558,1666436067,3,12509,2,110987,1
559,1666436067,5,5018,0,0,5
560,1666436067,156,59473,151,18640,4
561,1666436067,136,54984,134,18978,1
562,1666436067,82,16129,81,14883,1
563,1666436067,124,8717,123,20527,0
564,1666436067,117,4891,116,10335,0
565,1666436067,236,131023,235,15489,-1
566,1666436067,180,25561,175,3778,4
567,1666436067,93,1650,92,1110,1
569,1666436067,1331,239,1330,1061,-12
573,1666436067,1400,880,1367,1,19
575,1666436067,1336,1802,1208,2,115
577,1666436067,1200,2,1071,2,117
579,1666436067,388,4,376,1,9
590,1666436067,99,2,0,0,99
592,1666436067,61,3,55,952,6
753,1666436067,111,202,0,0,110
805,1666436067,150,36,0,0,149
807,1666436067,0,0,12,5987,-12
808,1666436067,4,1000,0,0,4
809,1666436067,5,8375,4,2694,1
810,1666436067,29,27141,0,0,29
811,1666436067,0,0,276,1215,-276
817,1666436067,284,27,284,135,-2
821,1666436067,0,0,57,800,-57
823,1666436067,199,20000,0,0,198
824,1666436067,0,0,618,705,-618
829,1666436067,0,0,55,20,-55
830,1666436067,140,953,135,310,4
841,1666436067,0,0,44,1,-44
843,1666436067,0,0,40,1,-40
849,1666436067,55,3,0,0,55
851,1666436067,239,10005,237,1,0
855,1666436067,590,1835,571,3,14
857,1666436067,0,0,311,1,-311
859,1666436067,1350,1616,1350,1020,-13
867,1666436067,0,0,275,12,-275
868,1666436067,0,0,305,25,-305
869,1666436067,51,2,0,0,51
877,1666436067,1,1000,0,0,1
884,1666436067,3,5642,2,305,1
886,1666436067,6,5037,7,1647,-1
888,1666436067,3,90,3,1378,0
890,1666436067,21,2200,20,10280,1
892,1666436067,133,9428,129,655,3
946,1666436067,44,1,0,0,44
948,1666436067,130,4,0,0,129
950,1666436067,33,65,31,1,2
952,1666436067,115,42,0,0,114
954,1666436067,59,8,0,0,59
958,1666436067,53,10,0,0,53
960,1666436067,246,452,0,0,244
970,1666436067,209,1,0,0,207
973,1666436067,404,1,0,0,400
981,1666436067,12000,1,0,0,11880
985,1666436067,0,0,10262,69,-10262
987,1666436067,0,0,10115,54,-10115
989,1666436067,22188,200,21054,30,913
993,1666436067,0,0,29000,1,-29000
1005,1666436067,0,0,112,1,-112
1011,1666436067,47,1,0,0,47
1013,1666436067,35,1,0,0,35
1017,1666436067,0,0,204,1,-204
1019,1666436067,410,2,0,0,406
1033,1666436067,3633,3,3612,3,-15
1059,1666436067,0,0,7,1,-7
1061,1666436067,97,1,0,0,97
1063,1666436067,15,1,0,0,15
1065,1666436067,1329,1,1323,1,-7
1067,1666436067,151,2,0,0,150
1069,1666436067,650,2,0,0,644
1071,1666436067,1276,1,0,0,1264
1073,1666436067,4500,1,3923,13,532
1077,1666436067,937,4,0,0,928
1079,1666436067,38074,5,37942,137,-248
1085,1666436067,0,0,1335,1,-1335
1091,1666436067,0,0,3640,2,-3640
1093,1666436067,37979,2,37960,41,-360
1095,1666436067,0,0,3,2,-3
1097,1666436067,0,0,296,2,-296
1099,1666436067,2128,2,0,0,2107
1101,1666436067,194,8,195,1,-2
1103,1666436067,105,1,0,0,104
1109,1666436067,1132,1,0,0,1121
1111,1666436067,2991,1,2991,2,-29
1113,1666436067,30000,2,29566,81,134
1115,1666436067,102,88,0,0,101
1117,1666436067,101,1,0,0,100
1119,1666436067,929,1,0,0,920
1123,1666436067,9560,252,9570,1,-105
1125,1666436067,3400,3,2851,1,515
1127,1666436067,38653,3,38506,84,-239
1131,1666436067,0,0,8,1,-8
1135,1666436067,0,0,4270,65,-4270
1137,1666436067,152,1,124,1,27
1139,1666436067,233,1,181,1,50
1141,1666436067,50,9,0,0,50
1147,1666436067,11205,2,11211,19,-118
1149,1666436067,59348,7,58511,40,244
1153,1666436067,109,1,0,0,108
1155,1666436067,0,0,110,12,-110
1157,1666436067,240,1,165,39,73
1159,1666436067,0,0,720,2,-720
1161,1666436067,2400,1,1936,3,440
1163,1666436067,20639,5,20656,145,-223
1165,1666436067,700,3,0,0,693
1169,1666436067,80,1,0,0,80
1175,1666436067,0,0,125,1,-125
1177,1666436067,180,23,180,23,-1
1179,1666436067,0,0,300,6,-300
1183,1666436067,0,0,2033,1,-2033
1185,1666436067,0,0,22653,28,-22653
1187,1666436067,304348,1,0,0,301305
1191,1666436067,214,1,0,0,212
1193,1666436067,0,0,275,2,-275
1197,1666436067,1095,125,0,0,1085
1199,1666436067,0,0,3183,31,-3183
1201,1666436067,32164,7,32122,159,-279
1205,1666436067,114,2,0,0,113
1207,1666436067,70,1,65,1,5
1213,1666436067,0,0,4463,19,-4463
1215,1666436067,17407,8,17407,129,-174
1217,1666436067,498,1,250,1,244
1237,1666436067,451,1,0,0,447
1239,1666436067,599,2,0,0,594
1247,1666436067,0,0,11920,2,-11920
1249,1666436067,0,0,36701,1,-36701
1265,1666436067,0,0,58,1,-58
1267,1666436067,0,0,150,1,-150
1269,1666436067,0,0,400,1,-400
1271,1666436067,1616,3,1450,3,150
1273,1666436067,0,0,425,3,-425
1275,1666436067,19000,1,18843,42,-33
1281,1666436067,91,4,0,0,91
1285,1666436067,0,0,238,1,-238
1291,1666436067,110,2,0,0,109
1293,1666436067,0,0,108,38,-108
1295,1666436067,130,3,0,0,129
1303,1666436067,18723,45,18764,107,-228
1305,1666436067,59500,1,59195,204,-290
1315,1666436067,0,0,1226,34,-1226
1317,1666436067,0,0,3520,44,-3520
1319,1666436067,37929,269,37914,8,-364
1329,1666436067,250,1,0,0,248
1331,1666436067,1488,7,1488,4,-14
1333,1666436067,15210,3,14920,8,138
1339,1666436067,91,1,0,0,91
1343,1666436067,651,125,0,0,645
1345,1666436067,0,0,3301,1,-3301
1347,1666436067,0,0,24785,51,-24785
1349,1666436067,145,1,110,3,34
1351,1666436067,110,10,0,0,109
1353,1666436067,71,1,70,3,1
1357,1666436067,1267,6,590,3,665
1359,1666436067,7262,1,7287,14,-97
1361,1666436067,573,2,0,0,568
1363,1666436067,0,0,100,1,-100
1371,1666436067,0,0,2782,13,-2782
1373,1666436067,0,0,24309,12,-24309
1377,1666436067,0,0,119150,9,-119150
1381,1666436067,1694,1,1450,3,228
1387,1666436067,1396,1,1382,2,1
1391,1666436067,7828,986,7752,2935,-2
1393,1666436067,0,0,8971,11,-8971
1397,1666436067,0,0,8960,10964,-8960
1399,1666436067,0,0,9050,330,-9050
1401,1666436067,26080,1,25690,2,130
1403,1666436067,0,0,25335,4,-25335
1405,1666436067,0,0,25100,6,-25100
1407,1666436067,27953,1,27980,1,-306
1424,1666436067,68,1,0,0,68
1432,1666436067,0,0,8280,3,-8280
1434,1666436067,0,0,29222,6,-29222
1436,1666436067,13,50,0,0,13
1438,1666436067,37,2,36,9,1
1440,1666436067,176,2,164,1,11
1442,1666436067,2410,2,2194,1,192
1444,1666436067,165,2,0,0,164
1446,1666436067,0,0,1565,5,-1565
1448,1666436067,815,1,0,0,807
1452,1666436067,0,0,125,2,-125
1454,1666436067,0,0,168,2,-168
1462,1666436067,0,0,340,2,-340
1470,1666436067,1056,1,0,0,1046
1472,1666436067,1144,1,0,0,1133
1478,1666436067,0,0,1614,4,-1614
1511,1666436067,79,77,77,86,2
1513,1666436067,1065,4,1060,3142,-5
1515,1666436067,210,890,211,2524,-3
1517,1666436067,7,4429,8,100,-1
1519,1666436067,29,73,29,500,0
1521,1666436067,55,486,54,331,1
1523,1666436067,229,270,0,0,227
1539,1666436067,13,909,11,1267,2
1540,1666436067,0,0,114,1,-114
1550,1666436067,45,1,0,0,45
1595,1666436067,250,1,122,1,126
1601,1666436067,1773,258,1773,1281,-17
1603,1666436067,0,0,920,2843,-920
1605,1666436067,406,1428,396,362,6
1607,1666436067,208,51,205,900,1
1609,1666436067,661,4,0,0,655
1615,1666436067,0,0,11520,210,-11520
1617,1666436067,2788,347,2728,435,33
1619,1666436067,1139,5,1120,1005,8
1621,1666436067,489,531,475,66,10
1623,1666436067,251,131,246,296,3
1625,1666436067,0,0,414,4,-414
1627,1666436067,0,0,128,2,-128
1629,1666436067,0,0,2575,15,-2575
1631,1666436067,13712,4,13505,289,70
1635,1666436067,0,0,160,792,-160
1637,1666436067,439,162,427,232,8
1639,1666436067,603,8,595,26,2
1641,1666436067,0,0,1074,368,-1074
1643,1666436067,0,0,1951,3,-1951
1645,1666436067,0,0,11211,1122,-11211
1654,1666436067,166,10,0,0,165
1656,1666436067,447,10,438,400,5
1658,1666436067,650,308,653,401,-9
1660,1666436067,1128,11,0,0,1117
1662,1666436067,2002,1124,0,0,1982
1681,1666436067,1934,2302,1901,1,14
1694,1666436067,460,11,0,0,456
1698,1666436067,0,0,1163,25,-1163
1704,1666436067,11740,1,11594,422,29
1712,1666436067,11197,11,10843,35,243
1716,1666436067,0,0,100,8,-100
1718,1666436067,217,1,0,0,215
1725,1666436067,1300,1,0,0,1287
1727,1666436067,0,0,612,1,-612
1731,1666436067,2085,115,2020,799,45
1733,1666436067,95,2,0,0,95
1734,1666436067,6,4000,5,20,1
1737,1666436067,39,1,0,0,39
1739,1666436067,0,0,195,241,-195
1741,1666436067,275,1,0,0,273
1745,1666436067,0,0,1480,513,-1480
1747,1666436067,3075,684,3020,3885,25
1749,1666436067,2210,214,2170,1048,18
1751,1666436067,1673,211,1673,1414,-16
1753,1666436067,1367,568,1335,5998,19
1755,1666436067,81,3,0,0,81
1757,1666436067,93,1,0,0,93
1759,1666436067,34,50,0,0,34
1761,1666436067,187,4873,186,2400,0
1763,1666436067,464,5,0,0,460
1765,1666436067,297,9,0,0,295
1767,1666436067,248,4,0,0,246
1775,1666436067,95,8,93,63,2
1777,1666436067,92,2023,0,0,92
1779,1666436067,2,1022,2,2000,0
1783,1666436067,0,0,43,25129,-43
1791,1666436067,192,1,0,0,191
1794,1666436067,297,8,0,0,295
1823,1666436067,180,10,0,0,179
1833,1666436067,150,1,0,0,149
1835,1666436067,149,3,0,0,148
1837,1666436067,200,2,0,0,198
1907,1666436067,120,1,0,0,119
1917,1666436067,102,7,100,2,1
1923,1666436067,19,1,0,0,19
1925,1666436067,6,87,0,0,6
1927,1666436067,60,605,0,0,60
1929,1666436067,40,12,0,0,40
1931,1666436067,8,10,0,0,8
1933,1666436067,123,2,0,0,122
1935,1666436067,3,4,4,10000,-1
1937,1666436067,40,1,39,290,1
1939,1666436067,6,27020,5,5995,1
1941,1666436067,7,2,0,0,7
1942,1666436067,71,60,0,0,71
1947,1666436067,22,20,0,0,22
1951,1666436067,36,1,0,0,36
1953,1666436067,222,1,0,0,220
1955,1666436067,0,0,183,1,-183
1957,1666436067,33,3,0,0,33
1961,1666436067,16008,60,0,0,15848
1963,1666436067,54,116,0,0,54
1965,1666436067,47,2,0,0,47
1969,1666436067,0,0,262,1,-262
1971,1666436067,0,0,55,3,-55
1975,1666436067,49,3,0,0,49
1978,1666436067,73,1,0,0,73
1982,1666436067,0,0,49,416,-49
1985,1666436067,0,0,60,2,-60
1987,1666436067,24,2162,24,9727,0
2003,1666436067,0,0,165,88,-165
2007,1666436067,24,2,0,0,24
2011,1666436067,0,0,362,110,-362
2015,1666436067,249,6,0,0,247
2102,1666436067,69,1,0,0,69
2108,1666436067,222,22,0,0,220
2114,1666436067,150,40,140,19,9
2116,1666436067,196,2,0,0,195
2118,1666436067,0,0,70,500,-70
2126,1666436067,297,1,0,0,295
2130,1666436067,64,1,0,0,64
2132,1666436067,45,5,0,0,45
2134,1666436067,69,7,0,0,69
2138,1666436067,67,8,67,5,0
2142,1666436067,83,6,0,0,83
2152,1666436067,350,20,0,0,347
2162,1666436067,546,9,0,0,541
2289,1666436067,535,500,0,0,530
2301,1666436067,766,11,692,501,67
2309,1666436067,158,1,157,6,0
2313,1666436067,0,0,203,48,-203
2323,1666436067,116,2,0,0,115
2325,1666436067,182,5,0,0,181
2341,1666436067,3800,1,0,0,3762
2343,1666436067,2999,2,0,0,2970
2347,1666436067,69,5,0,0,69
2349,1666436067,205,1,0,0,203
2351,1666436067,192,14,187,1,4
2353,1666436067,443,12205,440,2457,-1
2355,1666436067,0,0,95,16,-95
2357,1666436067,96,10283,94,8406,2
2359,1666436067,703,3111,684,3761,12
2361,1666436067,1978,9980,1957,1272,2
2363,1666436067,12459,1926,12459,306,-124
2368,1666436067,790000,1,0,0,782100
2428,1666436067,0,0,15,1,-15
2434,1666436067,9422,1263,9344,275,-16
2436,1666436067,217,1000,210,1,5
2440,1666436067,2399,15,2368,2054,8
2442,1666436067,0,0,2470,1,-2470
2444,1666436067,901,198,865,274,27
2446,1666436067,229,200,0,0,227
2448,1666436067,351,1,0,0,348
2452,1666436067,749,6,0,0,742
2481,1666436067,1478,57,1444,2,20
2483,1666436067,1598,2000,1572,2119,11
2485,1666436067,0,0,1397,215,-1397
2489,1666436067,0,0,1763,14,-1763
2491,1666436067,2900,1,2318,17,553
2495,1666436067,0,0,3157,12,-3157
2497,1666436067,4186,14,4100,42,45
2499,1666436067,5188,68,0,0,5137
2501,1666436067,0,0,6230,1,-6230
2503,1666436067,7655,1,7408,54,171
2520,1666436067,148,1,0,0,147
2526,1666436067,0,0,120,1,-120
2550,1666436067,775,476,0,0,768
2552,1666436067,850,55,822,4,20
2570,1666436067,1925,1,0,0,1906
2572,1666436067,0,0,11700,179,-11700
2593,1666436067,43487,1,0,0,43053
2601,1666436067,0,0,3747,1,-3747
2603,1666436067,0,0,3538,1,-3538
2647,1666436067,1788,2,0,0,1771
2649,1666436067,0,0,1470,1,-1470
2657,1666436067,0,0,380520,1,-380520
2667,1666436067,65999,1,0,0,65340
2866,1666436067,0,0,152,12,-152
2876,1666436067,0,0,1422,1,-1422
2961,1666436067,499,1,0,0,495
2970,1666436067,440,3378,0,0,436
2998,1666436067,3030,2802,3020,89,-20
3000,1666436067,8215,360,8133,883,0
3002,1666436067,3306,2000,0,0,3273
3004,1666436067,8448,8,0,0,8364
3008,1666436067,326,179,312,1,11
3016,1666436067,2361,2001,2351,1,-13
3018,1666436067,1720,1,1680,2,23
3024,1666436067,11068,961,10879,26,79
3026,1666436067,8140,4,8126,1305,-67
3028,1666436067,5369,1,5237,11,79
3030,1666436067,0,0,2620,6,-2620
3040,1666436067,113,100,110,9,2
3049,1666436067,0,0,2981,320,-2981
3051,1666436067,8153,331,8156,1226,-84
3053,1666436067,0,0,9392,3,-9392
3054,1666436067,0,0,26256,3,-26256
3101,1666436067,0,0,9600,1,-9600
3105,1666436067,568,2,0,0,563
3107,1666436067,3143,1,0,0,3112
3122,1666436067,34209,1,0,0,33867
3138,1666436067,128,1005,113,660,14
3140,1666436067,162531,2,0,0,160906
3142,1666436067,302,8,302,2,-3
3144,1666436067,456,6043,456,3058,-4
3200,1666436067,8740,1,0,0,8653
3202,1666436067,0,0,37777,3,-37777
3204,1666436067,0,0,149157,9,-149157
3216,1666436067,0,0,12,2,-12
3239,1666436067,0,0,63,64,-63
3325,1666436067,0,0,655,1,-655
3367,1666436067,1785,1,0,0,1768
3387,1666436067,28189,1,0,0,27908
3389,1666436067,24013,1,0,0,23773
3404,1666436067,0,0,2908,4,-2908
3408,1666436067,35,2,0,0,35
3420,1666436067,191,30,0,0,190
3434,1666436067,0,0,998,1,-998
3446,1666436067,0,0,2326,2,-2326
3473,1666436067,12564,1,12407,2,32
3751,1666436067,43986,2,42504,2,1043
3755,1666436067,0,0,38350,1,-38350
3799,1666436067,500,1,0,0,495
3838,1666436067,0,0,1146,1,-1146
3853,1666436067,741,6,0,0,734
4087,1666436067,161335,3,161000,18,-1278
4089,1666436067,18400,1,15010,6,3206
4091,1666436067,73690,2,71210,9,1744
4093,1666436067,0,0,47248,9,-47248
4095,1666436067,6595,1,0,0,6530
4097,1666436067,5721,12,5641,3,23
4101,1666436067,0,0,71416,6,-71416
4103,1666436067,0,0,48686,1,-48686
4121,1666436067,0,0,3000,1,-3000
4129,1666436067,0,0,925,3,-925
4131,1666436067,7700,15,7101,5,522
4151,1666436067,1552375,2,1532100,1,4752
4153,1666436067,0,0,64000,1,-64000
4156,1666436067,4750,1,0,0,4703
4207,1666436067,0,0,255000,1,-255000
4298,1666436067,497,1,0,0,493
4300,1666436067,175,2,0,0,174
4302,1666436067,4950,1,0,0,4901
4304,1666436067,1950,3,0,0,1931
4306,1666436067,1847,5,0,0,1829
4308,1666436067,751,1,0,0,744
4440,1666436067,594,1,0,0,589
4456,1666436067,73,2,0,0,73
4548,1666436067,895,1,0,0,887
4585,1666436067,0,0,161400,23,-161400
4587,1666436067,60893,4,59447,19,838
4608,1666436067,0,0,2500,2,-2500
4627,1666436067,2150,2,0,0,2129
4675,1666436067,0,0,59200,2,-59200
4687,1666436067,387,3,0,0,384
4694,1666436067,108,500,98,3026,9
4695,1666436067,89,12150,80,400,9
4696,1666436067,6,4600,6,50288,0
4697,1666436067,118,21945,113,2921,4
4698,1666436067,85,2,0,0,85
4699,1666436067,7,34315,0,0,7
4708,1666436067,0,0,58888,2,-58888
4710,1666436067,113868,1,0,0,112730
4712,1666436067,3613217,3,0,0,3577085
4714,1666436067,3048486,2,2962344,2,55658
4728,1666436067,288890,1,0,0,286002
4730,1666436067,300004,1,0,0,297004
4736,1666436067,2086702,2,2056746,1,9089
4738,1666436067,0,0,465160,1,-465160
4740,1666436067,0,0,71,1969,-71
4749,1666436067,218987,1,209681,1,7117
4751,1666436067,209094,1,0,0,207004
4759,1666436067,0,0,304021,1,-304021
4819,1666436067,0,0,4,60,-4
4820,1666436067,10,20,0,0,10
4821,1666436067,0,0,6969,4,-6969
4822,1666436067,39,10,0,0,39
4824,1666436067,787,370,0,0,780
4850,1666436067,0,0,1452,10,-1452
4866,1666436067,0,0,56011,1,-56011
4884,1666436067,0,0,268000,1,-268000
4890,1666436067,0,0,1226000,1,-1226000
4896,1666436067,0,0,774150,1,-774150
4902,1666436067,0,0,990001,1,-990001
4932,1666436067,0,0,24515,1,-24515
4944,1666436067,0,0,1932000,1,-1932000
5016,1666436067,3333,1,488,1,2812
5075,1666436067,0,0,5715,808,-5715
5100,1666436067,39,83,0,0,39
5101,1666436067,0,0,4,101,-4
5104,1666436067,3,100,0,0,3
5106,1666436067,3,139,0,0,3
5281,1666436067,22,2,0,0,22
5283,1666436067,5,9,6,195,-1
5284,1666436067,5,1,5,56,0
5285,1666436067,0,0,6,58,-6
5286,1666436067,6,1,6,45,0
5287,1666436067,0,0,47,25,-47
5288,1666436067,0,0,2015,74,-2015
5289,1666436067,0,0,35017,7,-35017
5290,1666436067,0,0,111,10,-111
5291,1666436067,0,0,5,18,-5
5292,1666436067,0,0,3,5,-3
5294,1666436067,0,0,20,1,-20
5295,1666436067,30899,347,30343,109,248
5296,1666436067,0,0,1213,289,-1213
5297,1666436067,0,0,58,3,-58
5298,1666436067,0,0,325,4,-325
5299,1666436067,307,231,227,1,77
5300,1666436067,44499,12,43645,84,410
5301,1666436067,668,1,0,0,662
5303,1666436067,0,0,332,2,-332
5304,1666436067,23101,104,22332,73,538
5306,1666436067,1,2000,0,0,1
5307,1666436067,1,2000,0,0,1
5308,1666436067,3,2000,0,0,3
5309,1666436067,1,2000,0,0,1
5312,1666436067,94,12,71,130,23
5313,1666436067,308,10,262,54,43
5314,1666436067,15143,10,15072,8,-80
5315,1666436067,0,0,43101,31,-43101
5316,1666436067,0,0,77403,123,-77403
5318,1666436067,0,0,1,4,-1
5321,1666436067,0,0,38,10,-38
5324,1666436067,1,30,0,0,1
5325,1666436067,159,1,0,0,158
5331,1666436067,118,1,0,0,117
5354,1666436067,2,25,0,0,2
5370,1666436067,389,31,276,66,110
5371,1666436067,525,116,523,116,-3
5373,1666436067,45336,2,45034,11,-151
5374,1666436067,79544,1,0,0,78749
5376,1666436067,1,21,1,104,0
5386,1666436067,865,40,792,41,65
5396,1666436067,570,103,501,105,64
5406,1666436067,330,63,571,137,-244
5416,1666436067,0,0,260,200,-260
5418,1666436067,2,10013,2,10000,0
5438,1666436067,1044,1,0,0,1034
5458,1666436067,518,1,0,0,513
5478,1666436067,0,0,5000,1,-5000
5496,1666436067,0,0,194,192,-194
5497,1666436067,0,0,230,59,-230
5498,1666436067,76,12,60,80,16
5500,1666436067,0,0,300,62,-300
5501,1666436067,2800,3,2540,10,232
5502,1666436067,36952,14,0,0,36583
5503,1666436067,299,1,0,0,297
5516,1666436067,0,0,4801,2,-4801
5521,1666436067,699,61,0,0,693
5523,1666436067,143,1,0,0,142
5539,1666436067,37,1,0,0,37
5575,1666436067,6163,1,0,0,6102
5576,1666436067,4398,1,0,0,4355
5627,1666436067,0,0,740,116,-740
5667,1666436067,0,0,385,711,-385
5747,1666436067,15946,2,0,0,15787
5755,1666436067,0,0,535,18,-535
5931,1666436067,1350,1,1205,1634,132
5933,1666436067,1160,24,0,0,1149
5935,1666436067,0,0,241,116,-241
5940,1666436067,3362,2,3362,4,-33
5952,1666436067,3185,7,3111,157,43
5954,1666436067,0,0,2205,8,-2205
5956,1666436067,0,0,1508,4,-1508
5958,1666436067,713,2,713,1,-7
5970,1666436067,15,1000,14,33,1
5972,1666436067,1021,150,1011,116,0
5974,1666436067,2400,1988,2355,327,21
5980,1666436067,120,6,0,0,119
5982,1666436067,0,0,24,93,-24
5986,1666436067,110,200,95,228,14
5998,1666436067,0,0,1040,75,-1040
6016,1666436067,380,62,312,514,65
6018,1666436067,0,0,65,32,-65
6032,1666436067,28,101,0,0,28
6034,1666436067,383,8,360,4204,20
6036,1666436067,309,1,0,0,306
6055,1666436067,257,6,200,65,55
6155,1666436067,0,0,193,2,-193
6291,1666436067,204,1,0,0,202
6332,1666436067,0,0,243,7973,-243
6333,1666436067,0,0,144,175,-144
6339,1666436067,0,0,400,1,-400
6523,1666436067,384840,2,0,0,380992
6524,1666436067,308750,1,0,0,305663
6528,1666436067,0,0,179001,2,-179001
6563,1666436067,106000,1,81780,2,23160
6568,1666436067,681316,2,0,0,674503
6571,1666436067,0,0,2223002,1,-2223002
6573,1666436067,0,0,2175195,1,-2175195
6585,1666436067,2284404,5,2260568,4,992
6667,1666436067,8,300,0,0,8
6685,1666436067,9941,803,9767,26,75
6687,1666436067,0,0,7186,12,-7186
6689,1666436067,0,0,4620,2,-4620
6693,1666436067,0,0,5866,587,-5866
6724,1666436067,17497,1,0,0,17323
6729,1666436067,0,0,9026,22,-9026
6733,1666436067,3964619,1,0,0,3924973
6735,1666436067,0,0,42398,1,-42398
6737,1666436067,2259554,3,2214228,1,22731
6739,1666436067,0,0,42301,1,-42301
6812,1666436067,0,0,2494,90,-2494
6916,1666436067,0,0,2193000,1,-2193000
6979,1666436067,99,1,0,0,99
6983,1666436067,1998,2,1547,2,432
7158,1666436067,0,0,130555,1,-130555
7178,1666436067,0,0,43,9,-43
7198,1666436067,190,107,0,0,189
7208,1666436067,615,1,556,1,53
7218,1666436067,692,40,689,18,-3
7329,1666436067,0,0,54,27,-54
7330,1666436067,0,0,68,32,-68
7348,1666436067,0,0,31301,1,-31301
7468,1666436067,900,8,0,0,891
7936,1666436067,2,308244,0,0,2
7944,1666436067,278,1,258,421,18
7946,1666436067,327,1721,325,256,-1
8007,1666436067,400,320,372,120,24
8008,1666436067,398,44,0,0,395
8009,1666436067,343,53,340,189,0
8010,1666436067,305,30,304,77,-2
8011,1666436067,409,17,386,106,19
8013,1666436067,418,2943,418,6,-4
8015,1666436067,632,50,0,0,626
8419,1666436067,0,0,2038,1,-2038
8429,1666436067,74998,4,0,0,74249
8435,1666436067,12385,4,0,0,12262
8778,1666436067,410,1519,405,310,1
8780,1666436067,752,601,750,41,-5
8782,1666436067,1924,3042,1890,3096,15
8784,1666436067,132995,32,0,0,131666
8786,1666436067,344999,32,0,0,341550
8788,1666436067,992383,4,0,0,982460
8790,1666436067,10000,1,1618,76,8282
8792,1666436067,701,149,700,161,-6
8794,1666436067,258,2,300,1,-44
8921,1666436067,930000,1,918932,2,1768
9028,1666436067,1110,10,0,0,1099
9030,1666436067,198,1,0,0,197
9075,1666436067,77,94167,76,2285,1
9142,1666436067,0,0,67,9663,-67
9143,1666436067,192,10648,186,333,5
9144,1666436067,298,9731,292,525,4
9183,1666436067,0,0,1433,1,-1433
9185,1666436067,10088,30,9824,94,164
9189,1666436067,0,0,22,27,-22
9190,1666436067,45,1138,30,59,15
9191,1666436067,90,2945,89,28,1
9192,1666436067,174,10000,170,1982,3
9193,1666436067,278,2500,278,1179,-2
9194,1666436067,0,0,8151,385,-8151
9241,1666436067,24,1000,23,95,1
9242,1666436067,276,911,0,0,274
9243,1666436067,317,100,309,5330,5
9244,1666436067,470,3086,449,3852,17
9245,1666436067,0,0,8600,40,-8600
9338,1666436067,139,10350,129,364,9
9341,1666436067,581,11000,0,0,576
9381,1666436067,0,0,410,119,-410
9419,1666436067,1220,10,960,1,248
9470,1666436067,744000,1,0,0,736560
9670,1666436067,28750,1,0,0,28463
9674,1666436067,14886,10,0,0,14738
9735,1666436067,41,1106,41,1106,0
9736,1666436067,71,2,0,0,71
9739,1666436067,1016,20,0,0,1006
9978,1666436067,0,0,30,16,-30
10008,1666436067,49,49,0,0,49
10029,1666436067,50,1,0,0,50
10034,1666436067,996,9755,961,260,26
10075,1666436067,4127,1,0,0,4086
10115,1666436067,0,0,1016,26,-1016
10127,1666436067,900,2,0,0,891
10136,1666436067,0,0,110,35,-110
10142,1666436067,0,0,4,105,-4
10145,1666436067,0,0,6,11000,-6
10149,1666436067,0,0,309,134,-309
10280,1666436067,0,0,4000,1,-4000
10286,1666436067,50753,1,0,0,50246
10306,1666436067,0,0,6177,1,-6177
10326,1666436067,0,0,125,11,-125
10364,1666436067,17000,1,0,0,16830
10368,1666436067,99147,2,0,0,98156
10372,1666436067,0,0,418000,1,-418000
10374,1666436067,52641,3,51961,1,154
10376,1666436067,36000,1,18286,2,17354
10378,1666436067,0,0,146002,2,-146002
10380,1666436067,335688,9,326002,2,6330
10382,1666436067,0,0,60820,1,-60820
10386,1666436067,295050,1,0,0,292100
10388,1666436067,0,0,399231,2,-399231
10390,1666436067,49982,2,0,0,49483
10394,1666436067,2427795,1,2320000,2,83518
10442,1666436067,0,0,8397,1,-8397
10446,1666436067,23094,2,0,0,22864
10456,1666436067,0,0,19000,1,-19000
10476,1666436067,5938,16,5938,192,-59
10564,1666436067,65812,1,65001,2,153
10828,1666436067,46442,17,46442,1,-464
10925,1666436067,40662,170,39581,42,675
10952,1666436067,5000,1,0,0,4950
10973,1666436067,94,1,0,0,94
10981,1666436067,722,1,0,0,715
11072,1666436067,0,0,505,28,-505
11076,1666436067,760,9992,700,20,53
11085,1666436067,0,0,1141,20,-1141
11090,1666436067,2236,2,0,0,2214
11092,1666436067,2132,900,0,0,2111
11095,1666436067,2265,80,2265,80,-22
11113,1666436067,0,0,12216,15,-12216
11115,1666436067,0,0,11967,2034,-11967
11118,1666436067,12530,10,0,0,12405
11126,1666436067,12267,1,0,0,12145
11128,1666436067,2193904,1,2165141,1,6824
11133,1666436067,2327140,7,2317996,1,-14127
11212,1666436067,2368,9166,2314,414,31
11230,1666436067,1934,4802,1895,6003,20
11232,1666436067,0,0,2100,2726,-2100
11235,1666436067,595323,1,588388,1,982
11237,1666436067,0,0,2321,716,-2321
11240,1666436067,3269,100,0,0,3237
11244,1666436067,2083,313,0,0,2063
11252,1666436067,0,0,22900,48,-22900
11254,1666436067,0,0,39239,5,-39239
11260,1666436067,792,1,764,158,21
11284,1666436067,3097757,3,0,0,3066780
11328,1666436067,20,14,0,0,20
11332,1666436067,0,0,58,5,-58
11377,1666436067,0,0,11901,1,-11901
11485,1666436067,494,1,0,0,490
11785,1666436067,0,0,28650001,2,-28650001
11802,1666436067,9265520,2,9153136,2,19729
11804,1666436067,18186997,3,18300000,2,-294872
11806,1666436067,22198000,1,21936795,2,39225
11818,1666436067,0,0,152742,1,-152742
11826,1666436067,8324606,3,8236798,1,4562
11828,1666436067,0,0,32720000,1,-32720000
11830,1666436067,24771364,1,24561009,2,-37358
11832,1666436067,0,0,26594837,2,-26594837
11834,1666436067,22306054,3,22095950,2,-12956
11836,1666436067,0,0,192000,2,-192000
11838,1666436067,294474,1,0,0,291530
11840,1666436067,105891,8,0,0,104833
11875,1666436067,59,1000,58,181,1
11889,1666436067,7348498,2,7180973,1,94041
11905,1666436067,701391,1,0,0,694378
11908,1666436067,56999,1,41510,1,14920
11920,1666436067,7164377,2,7077288,3,15446
11924,1666436067,0,0,1330000,1,-1330000
11926,1666436067,2092042,2,2052079,1,19043
11934,1666436067,0,0,1011,292,-1011
11936,1666436067,1333,200,1333,100,-13
11940,1666436067,6,40,0,0,6
11943,1666436067,3492,1001,3450,15,8
11951,1666436067,319,659,311,101,5
11955,1666436067,95,1,0,0,95
11959,1666436067,0,0,2151,25,-2151
11968,1666436067,12653,76,0,0,12527
11972,1666436067,12507,10,12234,1,148
11978,1666436067,11750,553,11601,736,32
11980,1666436067,13952,278,13702,130,111
11992,1666436067,0,0,702,65,-702
11994,1666436067,0,0,113,225,-113
12002,1666436067,493388,2,486816,2,1639
12004,1666436067,350000,10,0,0,346500
12007,1666436067,0,0,12439,1,-12439
12197,1666436067,0,0,12864,1,-12864
12235,1666436067,0,0,305863,1,-305863
12241,1666436067,0,0,190110,1,-190110
12243,1666436067,0,0,135190,1,-135190
12261,1666436067,22378,1,0,0,22155
12277,1666436067,0,0,5764,1,-5764
12279,1666436067,0,0,4581,1,-4581
12281,1666436067,0,0,5550,1,-5550
12283,1666436067,0,0,6282,1,-6282
12297,1666436067,5000,1,0,0,4950
12329,1666436067,0,0,15000,1,-15000
12333,1666436067,1908,1,0,0,1889
12383,1666436067,0,0,136005,1,-136005
12395,1666436067,120000,1,27300,2,91500
12402,1666436067,11696,7,11510,15,70
12404,1666436067,0,0,663,26,-663
12405,1666436067,3846,3,0,0,3808
12406,1666436067,20866,27,0,0,20658
12407,1666436067,375,1,305,10,67
12408,1666436067,2610,27,2455,31,129
12409,1666436067,0,0,8916,13,-8916
12410,1666436067,0,0,7800,8,-7800
12474,1666436067,0,0,40227,1,-40227
12480,1666436067,0,0,100000,1,-100000
12490,1666436067,0,0,51439,1,-51439
12494,1666436067,299207,1,299207,1,-2992
12496,1666436067,0,0,56000,1,-56000
12500,1666436067,174002,1,0,0,172262
12504,1666436067,109999,2,0,0,108900
12508,1666436067,235642,2,200000,1,33286
12526,1666436067,0,0,531111,1,-531111
12530,1666436067,0,0,6231,1,-6231
12596,1666436067,0,0,3576211,1,-3576211
12598,1666436067,966915,1,900022,1,57224
12603,1666436067,740000,1,0,0,732600
12605,1666436067,317772,1,0,0,314595
12614,1666436067,0,0,1000,1,-1000
12617,1666436067,0,0,9603,1,-9603
12618,1666436067,0,0,8526,1,-8526
12619,1666436067,0,0,7500,1,-7500
12620,1666436067,0,0,9384,1,-9384
12621,1666436067,0,0,12693,1,-12693
12623,1666436067,0,0,8032,1,-8032
12625,1666436067,5197,3015,5027,31,119
12627,1666436067,0,0,3821,12,-3821
12631,1666436067,1367,2296,1353,7,1
12640,1666436067,879,7300,856,100,15
12642,1666436067,4149,2,0,0,4108
12695,1666436067,10951,938,10712,994,130
12699,1666436067,0,0,5621,2,-5621
12701,1666436067,0,0,2503,1,-2503
12775,1666436067,1905,100,0,0,1886
12779,1666436067,0,0,1469,2,-1469
12780,1666436067,1199,1,0,0,1188
12783,1666436067,11000,2,10900,1,-10
12786,1666436067,48391,2,0,0,47908
12827,1666436067,114998000,1,0,0,113848020
12829,1666436067,0,0,52977,2,-52977
12831,1666436067,722319,1,0,0,715096
12863,1666436067,770000,7,757970,1,4330
12865,1666436067,7698,1,0,0,7622
12867,1666436067,0,0,9000,1,-9000
12871,1666436067,15386,1,0,0,15233
12873,1666436067,1420859,1,0,0,1406651
12875,1666436067,937000,2,0,0,927630
12877,1666436067,3431810,6,3372541,1,24951
12900,1666436067,3072246,1,0,0,3041524
12902,1666436067,8261234,2,0,0,8178622
12911,1666436067,0,0,1250,1,-1250
12913,1666436067,11344,112,11001,293,230
12919,1666436067,2970,1,0,0,2941
12922,1666436067,3275000,1,0,0,3242250
12924,1666436067,3187513,1,0,0,3155638
12929,1666436067,2997967,3,0,0,2967988
12934,1666436067,150,75947,145,87967,4
12938,1666436067,23988,7,23777,28,-28
13012,1666436067,0,0,19603,1,-19603
13157,1666436067,60000,1,0,0,59400
13169,1666436067,982519,1,0,0,972694
13190,1666436067,6475344,18,6492205,20,-81614
13227,1666436067,0,0,1707317,1,-1707317
13229,1666436067,0,0,58888,1,-58888
13233,1666436067,6381961,1,0,0,6318142
13235,1666436067,0,0,1990003,1,-1990003
13237,1666436067,0,0,32218560,2,-32218560
13239,1666436067,26766011,4,26470006,1,28345
13263,1666436067,11452777,1,0,0,11338250
13265,1666436067,2080000,3,0,0,2059200
13271,1666436067,2166830,1,0,0,2145162
13385,1666436067,3000,1,2634,3,336
13391,1666436067,0,0,23,798,-23
13421,1666436067,6,11,0,0,6
13431,1666436067,99,13,0,0,99
13439,1666436067,1272,2,1263,62,-3
13441,1666436067,1450,4560,1423,80,13
13457,1666436067,0,0,2500,3,-2500
13475,1666436067,0,0,991,11,-991
13484,1666436067,1859,1,1786,1,55
13487,1666436067,1975,2,0,0,1956
13496,1666436067,0,0,2900,54,-2900
13502,1666436067,3882,59,3722,3,122
13508,1666436067,0,0,3800,16,-3800
13511,1666436067,0,0,5513,21,-5513
13573,1666436067,597,2500,581,32,11
13576,1666436067,27000000,1,27169888,1,-439888
13652,1666436067,88547967,3,88573984,4,-911496
19478,1666436067,418236,2,0,0,414054
19481,1666436067,0,0,581623,5,-581623
19529,1666436067,12039825,10,0,0,11919427
19544,1666436067,14200000,2,14128116,2,-70116
19547,1666436067,14200000,1,14153333,6,-95333
19553,1666436067,14380131,3,14247405,3,-11075
19580,1666436067,0,0,626,109,-626
19582,1666436067,0,0,988,550,-988
19586,1666436067,29245,1,29245,1,-292
19613,1666436067,1998,6,0,0,1979
19615,1666436067,1509,14,0,0,1494
19617,1666436067,1995,2,0,0,1976
19619,1666436067,2178,2,0,0,2157
19621,1666436067,1720,18,0,0,1703
19623,1666436067,1992,31,0,0,1973
19625,1666436067,2144,1,0,0,2123
19627,1666436067,2199,2,0,0,2178
19631,1666436067,2850,2,0,0,2822
19662,1666436067,0,0,5000,2,-5000
19669,1666436067,306,12001,297,142,6
19924,1666436067,0,0,383708,1,-383708
19936,1666436067,0,0,510000,2,-510000
19967,1666436067,0,0,433000,1,-433000
19973,1666436067,0,0,1806232,1,-1806232
20002,1666436067,419997,1,0,0,415798
20023,1666436067,0,0,10343,1,-10343
20041,1666436067,0,0,6614,1,-6614
20065,1666436067,0,0,4239554,2,-4239554
20128,1666436067,15267,1,0,0,15115
20137,1666436067,0,0,50751,1,-50751
20140,1666436067,13752,1,0,0,13615
20169,1666436067,0,0,12100,1,-12100
20178,1666436067,0,0,39938,1,-39938
20223,1666436067,57993,3,0,0,57414
20226,1666436067,8000,1,5468,1,2452
20229,1666436067,0,0,4000,1,-4000
20232,1666436067,9256,1,0,0,9164
20235,1666436067,5704,3,0,0,5647
20238,1666436067,0,0,306,9,-306
20240,1666436067,0,0,4578,1,-4578
20517,1666436067,0,0,605779,1,-605779
20595,1666436067,0,0,457000,1,-457000
20716,1666436067,723713,1,715000,3,1476
20718,1666436067,2675,20,2640,225,9
20724,1666436067,0,0,29664510,1,-29664510
20727,1666436067,66798,2,0,0,66131
20730,1666436067,0,0,36504,1,-36504
20849,1666436067,390,143,366,62,21
20997,1666436067,1252139999,3,0,0,1239618600
21000,1666436067,10341036,1,10211078,1,26548
21003,1666436067,0,0,8687090,3,-8687090
21012,1666436067,62310230,3,61615351,2,71777
21015,1666436067,9683326,3,9635654,1,-49161
21018,1666436067,0,0,19389622,1,-19389622
21021,1666436067,0,0,139000000,1,-139000000
21024,1666436067,0,0,117000000,2,-117000000
21047,1666436067,0,0,47817,2,-47817
21105,1666436067,0,0,3600,1,-3600
21143,1666436067,2138,300,2060,153,57
21146,1666436067,931,4,0,0,922
21166,1666436067,4263,42,4162,26,59
21183,1666436067,4447,3,0,0,4403
21279,1666436067,2230000,2,0,0,2207700
21301,1666436067,950149,2,0,0,940648
21304,1666436067,761508,1,0,0,753893
21326,1666436067,264,4932,257,1470,5
21336,1666436067,0,0,1050,194,-1050
21350,1666436067,304,28335,304,10020,-3
21480,1666436067,5499,6,0,0,5445
21483,1666436067,660,5,656,4,-2
21486,1666436067,0,0,80,5,-80
21488,1666436067,0,0,3500,16,-3500
21490,1666436067,380,202,0,0,377
21521,1666436067,813,12,0,0,805
21545,1666436067,0,0,11,1,-11
21555,1666436067,27,9120,25,7276,2
21622,1666436067,78,25,76,466,2
21626,1666436067,0,0,2001,11,-2001
21646,1666436067,0,0,31794,1,-31794
21652,1666436067,2812,200,0,0,2784
21736,1666436067,46333,3,0,0,45870
21739,1666436067,0,0,16894,2,-16894
21742,1666436067,124997,1,0,0,123748
21802,1666436067,865,20,850,794,7
21807,1666436067,0,0,498762,15,-498762
21810,1666436067,0,0,998619,8,-998619
21813,1666436067,0,0,1995011,1,-1995011
21817,1666436067,43836,21,43800,448,-402
21820,1666436067,170,34232,167,6044,2
21880,1666436067,234,6794,225,388,7
21902,1666436067,1130799,3,1111677,6,7815
21905,1666436067,1575,2,1572,1,-12
21930,1666436067,1654,554,1655,3167,-17
21932,1666436067,0,0,1785,1548,-1785
21944,1666436067,1791,1291,1771,1375,3
21946,1666436067,1852,1262,1840,245,-6
21948,1666436067,1748,1080,1706,28,25
21950,1666436067,0,0,9203,6,-9203
21955,1666436067,1631,400,0,0,1615
22003,1666436067,14535372,2,14369983,3,20036
22111,1666436067,79475,1,79475,1,-794
22118,1666436067,0,0,380,2,-380
22124,1666436067,10215,118,10168,520,-55
22209,1666436067,10999,746,0,0,10890
22218,1666436067,0,0,2555,1,-2555
22281,1666436067,0,0,7135,4,-7135
22284,1666436067,0,0,18251,2,-18251
22296,1666436067,4671554,2,0,0,4624839
22299,1666436067,0,0,3991034,2,-3991034
22302,1666436067,0,0,7980040,1,-7980040
22305,1666436067,15963942,1,0,0,15804303
22324,1666436067,77575000,2,77000000,1,-200750
22327,1666436067,13200000,2,0,0,13068000
22368,1666436067,0,0,6646314,1,-6646314
22443,1666436067,0,0,15950,1,-15950
22446,1666436067,13108,6,13000,19,-23
22461,1666436067,20974,103,20604,1,161
22481,1666436067,87949999,1,0,0,87070500
22542,1666436067,11855846,2,0,0,11737288
22547,1666436067,32991796,1,32714309,4,-52430
22552,1666436067,0,0,6463596,1,-6463596
22557,1666436067,610000,2,592543,2,11357
22599,1666436067,1000,1,0,0,990
22603,1666436067,362,2,0,0,359
22740,1666436067,49169,3,0,0,48678
22780,1666436067,0,0,1435,108,-1435
22783,1666436067,0,0,3273,101,-3273
22786,1666436067,0,0,5901,67,-5901
22804,1666436067,2525,1,2472,35,28
22810,1666436067,0,0,3231,3,-3231
22856,1666436067,84000,1,0,0,83160
22859,1666436067,43600,30,0,0,43164
22866,1666436067,0,0,148256,4,-148256
22869,1666436067,0,0,81000,4,-81000
22871,1666436067,0,0,38391,2,-38391
22877,1666436067,0,0,143000,1,-143000
22879,1666436067,2147,636,2060,10,66
22929,1666436067,0,0,875,12,-875
22957,1666436067,0,0,577001,1,-577001
22975,1666436067,3018683,4,2993945,2,-5448
22978,1666436067,37950000,2,37508051,1,62449
22983,1666436067,0,0,5884622,1,-5884622
22994,1666436067,340394,2,332000,2,4991
23002,1666436067,16000,1,0,0,15840
23050,1666436067,0,0,142000,1,-142000
23059,1666436067,0,0,96491,1,-96491
23191,1666436067,249999,1,0,0,247500
23232,1666436067,0,0,6004,1,-6004
23300,1666436067,135000,2,0,0,133650
23360,1666436067,0,0,2305555,1,-2305555
23387,1666436067,10372,4,0,0,10269
23389,1666436067,674238,4,0,0,667496
23395,1666436067,0,0,9470,1,-9470
23410,1666436067,43571,1,0,0,43136
23413,1666436067,0,0,44000,1,-44000
23499,1666436067,0,0,39000,7,-39000
23528,1666436067,183576,2,0,0,181741
23685,1666436067,16078,68,15762,11,156
23691,1666436067,0,0,7733,3,-7733
23694,1666436067,0,0,3866,69,-3866
23733,1666436067,2022,226,2040,2060,-38
23742,1666436067,0,0,201,5,-201
23745,1666436067,1510,102,0,0,1495
23908,1666436067,0,0,38031,1,-38031
23956,1666436067,0,0,6163000,6,-6163000
23997,1666436067,0,0,151555000,2,-151555000
24043,1666436067,0,0,153000,1,-153000
24187,1666436067,0,0,1036378,1,-1036378
24229,1666436067,873681,17,835230,3,29715
24251,1666436067,0,0,32501,4,-32501
24268,1666436067,0,0,19316442,1,-19316442
24419,1666436067,0,0,55678123,1,-55678123
24420,1666436067,0,0,74750500,4,-74750500
24421,1666436067,0,0,90678123,1,-90678123
24422,1666436067,31680000,1,0,0,31363200
24585,1666436067,48496,14,0,0,48012
24589,1666436067,868,500,855,890,5
24592,1666436067,0,0,977,95,-977
24595,1666436067,0,0,650,6,-650
24598,1666436067,8330,264,8217,61,30
24607,1666436067,522,300,520,84,-3
24609,1666436067,0,0,10,38,-10
24611,1666436067,10,15,0,0,10
24613,1666436067,528,101,486,1085,37
24615,1666436067,107,200,106,1948,0
24621,1666436067,0,0,95,9,-95
24635,1666436067,0,0,27205,288,-27205
24638,1666436067,0,0,16101,3,-16101
24777,1666436067,6814160,1,6714299,2,31720
24844,1666436067,31250000,1,30366474,1,571026
24961,1666436067,0,0,1682,270,-1682
24963,1666436067,1500,10,0,0,1485
25099,1666436067,134207,5,134207,6,-1342
25139,1666436067,0,0,291,10,-291
25576,1666436067,335946,1,0,0,332587
25578,1666436067,0,0,738,52,-738
25769,1666436067,0,0,530,101,-530
25772,1666436067,0,0,1327,125,-1327
25775,1666436067,0,0,2362,3,-2362
25778,1666436067,0,0,3725,21,-3725
25849,1666436067,339,18500,0,0,336
25853,1666436067,577,1760,576,10046,-4
25862,1666436067,0,0,156688000,1,-156688000
25985,1666436067,11275000,2,11096302,1,65948
26219,1666436067,139849994,2,137996893,11,454602
26225,1666436067,0,0,45429,2,-45429
26233,1666436067,48000000,2,0,0,47520000
26368,1666436067,4100,2,3900,1,159
26374,1666436067,320500000,2,0,0,317295000
26376,1666436067,0,0,204313000,1,-204313000
26384,1666436067,441000000,1,0,0,436590000
26390,1666436067,0,0,63780,16,-63780
26798,1666436067,0,0,3801,1,-3801
26815,1666436067,1285000,1,0,0,1272150
26945,1666436067,6490472,1,0,0,6425568
26997,1666436067,0,0,3869,23,-3869
27014,1666436067,76500,5,0,0,75735
27238,1666436067,0,0,254691383,1,-254691383
27241,1666436067,202989978,1,0,0,200960079
27272,1666436067,1906,14,1906,159,-19
27277,1666436067,1599999985,2,1586666666,1,-2666680
